[
{
    "model": "auth.user",
    "fields": {
        "password": "pbkdf2_sha256$1000000$5AINHB2BzZETpVpwRG47bp$VK4JKMNCqtTU5rbZdd3mTeCCgVq3g8QrUMu9EomxB7E=",
        "last_login": "2025-05-27T16:02:18.437Z",
        "is_superuser": true,
        "username": "cluivert",
        "first_name": "",
        "last_name": "",
        "email": "cluivertmoukendi@gmail.com",
        "is_staff": true,
        "is_active": true,
        "date_joined": "2025-05-27T15:53:05.910Z",
        "groups": [],
        "user_permissions": []
    }
},
{
    "model": "sessions.session",
    "pk": "8bjz0biy3ynu4mi6s1xhia3w4a1gjt4u",
    "fields": {
        "session_data": "eyJuYW1lIjoiQWRtaW5pc3RyYXRvciJ9:1vCLPN:WUTpk8RNERaEGbko64jEgqYN4LIsgkB54B9BzsdrhNw",
        "expire_date": "2025-11-07T17:16:57.650Z"
    }
},
{
    "model": "sessions.session",
    "pk": "9ptykn5es4ztbec297lu3e146nd2g25z",
    "fields": {
        "session_data": "eyJuYW1lIjoiQWRtaW5pc3RyYXRvciJ9:1uKgsO:6mXw9OrdnY_FIYS2lUSOd9cVEOZVleRTfZyR1z1mxeo",
        "expire_date": "2025-06-12T17:17:08.772Z"
    }
},
{
    "model": "sessions.session",
    "pk": "e6g2uclq263kr88wfbv50ckr4edm4qsy",
    "fields": {
        "session_data": "eyJuYW1lIjoiQWRtaW5pc3RyYXRvciJ9:1uK3lZ:pIfh8Nq9706tGjmNG5PP87qICBNoJwUmUpI_x29gv-I",
        "expire_date": "2025-06-10T23:31:29.296Z"
    }
},
{
    "model": "sessions.session",
    "pk": "fp3a99ga7axgvo63z01z0b1d1o89vdkg",
    "fields": {
        "session_data": "eyJuYW1lIjoiQWRtaW5pc3RyYXRvciJ9:1uS5lX:GfMcsYze7GU4lizzaXoexZpWt7kErJGGbb24MFoqryU",
        "expire_date": "2025-07-03T03:16:39.768Z"
    }
},
{
    "model": "sessions.session",
    "pk": "rsufyaws4z4r31wyxptb6c3e3hccef2l",
    "fields": {
        "session_data": "eyJuYW1lIjoiQWRtaW5pc3RyYXRvciJ9:1uKIXV:5p8og0zBbpe_lAsloaoLITZjfEziuBKk8_Ugv296msg",
        "expire_date": "2025-06-11T15:17:57.121Z"
    }
},
{
    "model": "sessions.session",
    "pk": "trqiy8gvigv9u7gad8b2myvdgitwgwkp",
    "fields": {
        "session_data": "eyJuYW1lIjoiQWRtaW5pc3RyYXRvciJ9:1v5dqI:rMneVA6N99FMES9PDnQOM8Sm1LSxNZnmuuxK-j_0v4A",
        "expire_date": "2025-10-20T05:33:02.818Z"
    }
},
{
    "model": "sessions.session",
    "pk": "zdfiagamq781apgtiatx06u3lhm5a3v9",
    "fields": {
        "session_data": "eyJuYW1lIjoiQWRtaW5pc3RyYXRvciJ9:1uW2zu:hhH2LgbpLuC8AzqWuX47H2dpcR4AcEUbjDFlmh4bgLo",
        "expire_date": "2025-07-14T01:07:50.001Z"
    }
},
{
    "model": "manager.manager",
    "pk": 1,
    "fields": {
        "number": "admin",
        "password": "admin123",
        "name": "Administrator"
    }
},
{
    "model": "manager.publisher",
    "pk": 1,
    "fields": {
        "publisher_name": "µ£║µó░ÕĘźõĖÜÕć║ńēłńżŠ",
        "publisher_address": "ÕīŚõ║¼ÕĖéĶź┐Õ¤ÄÕī║"
    }
},
{
    "model": "manager.publisher",
    "pk": 2,
    "fields": {
        "publisher_name": "õ║║µ░æķé«ńöĄÕć║ńēłńżŠ",
        "publisher_address": "ÕīŚõ║¼ÕĖéõĖ░ÕÅ░Õī║"
    }
},
{
    "model": "manager.publisher",
    "pk": 3,
    "fields": {
        "publisher_name": "µĖģÕŹÄÕż¦ÕŁ”Õć║ńēłńżŠ",
        "publisher_address": "ÕīŚõ║¼ÕĖéµĄĘµĘĆÕī║"
    }
},
{
    "model": "manager.publisher",
    "pk": 4,
    "fields": {
        "publisher_name": "µ£║µó░ÕĘźõĖÜÕć║ńēłńżŠ",
        "publisher_address": "ÕīŚõ║¼ÕĖéĶź┐Õ¤ÄÕī║"
    }
},
{
    "model": "manager.publisher",
    "pk": 5,
    "fields": {
        "publisher_name": "õ║║µ░æķé«ńöĄÕć║ńēłńżŠ",
        "publisher_address": "ÕīŚõ║¼ÕĖéõĖ░ÕÅ░Õī║"
    }
},
{
    "model": "manager.publisher",
    "pk": 7,
    "fields": {
        "publisher_name": "ńöĄÕŁÉÕĘźõĖÜÕć║ńēłńżŠ",
        "publisher_address": "ÕīŚõ║¼ÕĖéµĄĘµĘĆÕī║õĖćÕ»┐ĶĘ»173ÕÅĘ"
    }
},
{
    "model": "manager.publisher",
    "pk": 8,
    "fields": {
        "publisher_name": "õĖŁÕøĮķØÆÕ╣┤Õć║ńēłńżŠ",
        "publisher_address": "ÕīŚõ║¼ÕĖéõĖ£Õ¤ÄÕī║õĖ£ÕøøÕŹüõ║īµØĪ21ÕÅĘ"
    }
},
{
    "model": "manager.publisher",
    "pk": 9,
    "fields": {
        "publisher_name": "ÕŹÄõĖŁń¦æµŖĆÕż¦ÕŁ”Õć║ńēłńżŠ",
        "publisher_address": "µ╣¢ÕīŚń£üµŁ”µ▒ēÕĖéµ┤¬Õ▒▒Õī║ńÅ×Õ¢╗ĶĘ»1037ÕÅĘ"
    }
},
{
    "model": "manager.publisher",
    "pk": 10,
    "fields": {
        "publisher_name": "ÕīŚõ║¼ńÉåÕĘźÕż¦ÕŁ”Õć║ńēłńżŠ",
        "publisher_address": "ÕīŚõ║¼ÕĖéµĄĘµĘĆÕī║õĖŁÕģ│µØæÕŹŚÕż¦ĶĪŚ5ÕÅĘ"
    }
},
{
    "model": "manager.publisher",
    "pk": 11,
    "fields": {
        "publisher_name": "õĖŖµĄĘõ║żķĆÜÕż¦ÕŁ”Õć║ńēłńżŠ",
        "publisher_address": "õĖŖµĄĘÕĖéÕŠÉµ▒ćÕī║ÕŹÄÕ▒▒ĶĘ»1954ÕÅĘ"
    }
},
{
    "model": "manager.publisher",
    "pk": 12,
    "fields": {
        "publisher_name": "gfggfgf",
        "publisher_address": "gfgfgfgfgfgfgfgfgfgfhnfhn"
    }
},
{
    "model": "manager.book",
    "pk": 1,
    "fields": {
        "name": "Pythonń╝¢ń©ŗõ╗ÄÕģźķŚ©Õł░Õ«×ĶĘĄGFGFGF",
        "description": "õĖĆµ£¼õ╝śń¦ĆńÜäPythonń╝¢ń©ŗÕģźķŚ©õ╣”ń▒Ź’╝īÕåģÕ«╣Õģ©ķØó’╝īÕ«×õŠŗõĖ░Õ»ī’╝īķĆéÕÉłÕłØÕŁ”ĶĆģŃĆé",
        "cover_image": "",
        "book_file": "",
        "download_link": null,
        "price": "6.99",
        "inventory": 50,
        "sale_num": 25,
        "publisher": 3
    }
},
{
    "model": "manager.book",
    "pk": 2,
    "fields": {
        "name": "Django WebÕ╝ĆÕÅæµīćÕŹŚ",
        "description": "Õģ©ķØóõ╗ŗń╗ŹDjangoµĪåµ×ČńÜäµØāÕ©üµīćÕŹŚ’╝īÕīģÕÉ½µ£ĆõĮ│Õ«×ĶĘĄÕÆīķ½śń║¦µŖĆÕĘ¦ŃĆé",
        "cover_image": "",
        "book_file": "",
        "download_link": "https://share.feijipan.com/s/RHXtv8PO",
        "price": "6.99",
        "inventory": 24,
        "sale_num": 21,
        "publisher": 4
    }
},
{
    "model": "manager.book",
    "pk": 3,
    "fields": {
        "name": "µĢ░µŹ«Õ║ōń│╗ń╗¤µ”éĶ«║",
        "description": "ń╗ÅÕģĖńÜäµĢ░µŹ«Õ║ōµĢÖµØÉ’╝īńÉåĶ«║õĖÄÕ«×ĶĘĄńøĖń╗ōÕÉł’╝īµĘ▒ÕģźµĄģÕć║ŃĆé",
        "cover_image": "",
        "book_file": "",
        "download_link": null,
        "price": "6.99",
        "inventory": 39,
        "sale_num": 36,
        "publisher": 5
    }
},
{
    "model": "manager.book",
    "pk": 4,
    "fields": {
        "name": "C/C++ Õ¤║ńĪĆ",
        "description": "Let me know if you'd like help checking your current locale settings or migrating an existing database!\r\n\r\n",
        "cover_image": "book_covers/71D4cYnrIVL._SL1500_.jpg",
        "book_file": "",
        "download_link": null,
        "price": "6.99",
        "inventory": 41,
        "sale_num": 60,
        "publisher": 3
    }
},
{
    "model": "manager.book",
    "pk": 7,
    "fields": {
        "name": "Pythonń©ŗÕ║ÅĶ«ŠĶ«ĪÕ¤║ńĪĆ",
        "description": "µ£¼õ╣”ń│╗ń╗¤õ╗ŗń╗ŹPythonń╝¢ń©ŗĶ»ŁĶ©ĆńÜäÕ¤║ńĪĆń¤źĶ»å’╝īÕīģµŗ¼Ķ»Łµ│ĢŃĆüµĢ░µŹ«ń╗ōµ×äŃĆüÕćĮµĢ░ŃĆüķØóÕÉæÕ»╣Ķ▒Īń╝¢ń©ŗńŁēµĀĖÕ┐āµ”éÕ┐ĄŃĆéķĆéÕÉłÕłØÕŁ”ĶĆģÕģźķŚ©ÕŁ”õ╣Ā’╝īÕåģÕ«╣ÕŠ¬Õ║ÅµĖÉĶ┐ø’╝īķģŹµ£ēÕż¦ķćÅÕ«×õŠŗÕÆīń╗āõ╣ĀŃĆé",
        "cover_image": "book_covers/python_basics.jpg",
        "book_file": "",
        "download_link": null,
        "price": "6.99",
        "inventory": 45,
        "sale_num": 23,
        "publisher": 7
    }
},
{
    "model": "manager.book",
    "pk": 8,
    "fields": {
        "name": "µĢ░µŹ«ń╗ōµ×äõĖÄń«Śµ│ĢÕłåµ×É’╝łC++ńēł’╝ē",
        "description": "ń╗ÅÕģĖńÜäµĢ░µŹ«ń╗ōµ×äõĖÄń«Śµ│ĢµĢÖµØÉ’╝īõ╗źC++Ķ»ŁĶ©ĆõĖ║Õ«×ńÄ░ÕĘźÕģĘ’╝īµĘ▒ÕģźĶ«▓Ķ¦ŻÕÉäń¦ŹµĢ░µŹ«ń╗ōµ×äÕÆīń«Śµ│ĢńÜäÕÄ¤ńÉåõĖÄÕ║öńö©ŃĆéÕīģÕÉ½Õż¦ķćÅńÜäÕłåµ×ÉÕÆīÕ«×ńÄ░õ╗ŻńĀü’╝īµś»Ķ«Īń«Śµ£║õĖōõĖÜÕŁ”ńö¤ńÜäÕ┐ģĶ»╗µĢÖµØÉŃĆé",
        "cover_image": "book_covers/data_structures_cpp.jpg",
        "book_file": "",
        "download_link": null,
        "price": "6.99",
        "inventory": 32,
        "sale_num": 18,
        "publisher": 10
    }
},
{
    "model": "manager.book",
    "pk": 9,
    "fields": {
        "name": "µ£║ÕÖ©ÕŁ”õ╣ĀÕ«×µłśµīćÕŹŚ",
        "description": "ń╗ōÕÉłńÉåĶ«║õĖÄÕ«×ĶĘĄńÜäµ£║ÕÖ©ÕŁ”õ╣ĀµĢÖń©ŗ’╝īµČĄńø¢ńøæńØŻÕŁ”õ╣ĀŃĆüµŚĀńøæńØŻÕŁ”õ╣ĀŃĆüµĘ▒Õ║”ÕŁ”õ╣ĀńŁēõĖ╗Ķ”üķóåÕ¤¤ŃĆéµÅÉõŠøÕ«īµĢ┤ńÜäPythonõ╗ŻńĀüÕ«×ńÄ░ÕÆīń£¤Õ«×µĢ░µŹ«ķøåµĪłõŠŗ’╝īÕĖ«ÕŖ®Ķ»╗ĶĆģÕ┐½ķĆ¤µÄīµÅĪµ£║ÕÖ©ÕŁ”õ╣ĀµŖĆĶāĮŃĆé",
        "cover_image": "book_covers/ml_practice.jpg",
        "book_file": "",
        "download_link": null,
        "price": "6.99",
        "inventory": 28,
        "sale_num": 31,
        "publisher": 1
    }
},
{
    "model": "manager.book",
    "pk": 10,
    "fields": {
        "name": "µĘ▒ÕģźńÉåĶ¦ŻJavaĶÖÜµŗ¤µ£║’╝łń¼¼3ńēł’╝ē",
        "description": "JVMķóåÕ¤¤ńÜäń╗ÅÕģĖĶæŚõĮ£’╝īµĘ▒ÕģźÕē¢µ×ÉJavaĶÖÜµŗ¤µ£║ńÜäÕåģķā©µ£║ÕłČŃĆéÕīģµŗ¼ÕåģÕŁśń«ĪńÉåŃĆüÕ×āÕ£ŠµöČķøåŃĆüÕŁŚĶŖéńĀüµē¦ĶĪīŃĆüń▒╗ÕŖĀĶĮĮńŁēµĀĖÕ┐āµŖĆµ£»’╝īµś»JavaÕ╝ĆÕÅæĶĆģĶ┐øķśČÕ┐ģĶ»╗ńÜäµŖĆµ£»õ╣”ń▒ŹŃĆé",
        "cover_image": "book_covers/jvm_deep_dive.jpg",
        "book_file": "",
        "download_link": null,
        "price": "6.99",
        "inventory": 38,
        "sale_num": 27,
        "publisher": 11
    }
},
{
    "model": "manager.book",
    "pk": 11,
    "fields": {
        "name": "ńÄ░õ╗ŻµōŹõĮ£ń│╗ń╗¤’╝łń¼¼4ńēł’╝ē",
        "description": "µōŹõĮ£ń│╗ń╗¤ķóåÕ¤¤ńÜäµØāÕ©üµĢÖµØÉ’╝īÕģ©ķØóõ╗ŗń╗ŹńÄ░õ╗ŻµōŹõĮ£ń│╗ń╗¤ńÜäĶ«ŠĶ«ĪÕÄ¤ńÉåÕÆīÕ«×ńÄ░µŖĆµ£»ŃĆéµČĄńø¢Ķ┐øń©ŗń«ĪńÉåŃĆüÕåģÕŁśń«ĪńÉåŃĆüµ¢ćõ╗Čń│╗ń╗¤ŃĆüI/Oń│╗ń╗¤ńŁēµĀĖÕ┐āÕåģÕ«╣’╝īńÉåĶ«║õĖÄÕ«×ĶĘĄÕ╣ČķćŹŃĆé",
        "cover_image": "book_covers/modern_os.jpg",
        "book_file": "",
        "download_link": null,
        "price": "6.99",
        "inventory": 25,
        "sale_num": 15,
        "publisher": 2
    }
},
{
    "model": "manager.book",
    "pk": 12,
    "fields": {
        "name": "WebÕēŹń½»Õ╝ĆÕÅæµŖĆµ£»Ķ»”Ķ¦Ż",
        "description": "Õģ©ķØóõ╗ŗń╗ŹWebÕēŹń½»Õ╝ĆÕÅæµŖĆµ£»’╝īÕīģµŗ¼HTML5ŃĆüCSS3ŃĆüJavaScriptŃĆüVue.jsŃĆüReactńŁēõĖ╗µĄüµŖĆµ£»µĀłŃĆéķĆÜĶ┐ćķĪ╣ńø«Õ«×µłśńÜäµ¢╣Õ╝Å’╝īÕĖ«ÕŖ®Ķ»╗ĶĆģµÄīµÅĪńÄ░õ╗ŻÕēŹń½»Õ╝ĆÕÅæµŖĆĶāĮŃĆé",
        "cover_image": "book_covers/frontend_dev.jpg",
        "book_file": "",
        "download_link": null,
        "price": "6.99",
        "inventory": 42,
        "sale_num": 35,
        "publisher": 10
    }
},
{
    "model": "manager.book",
    "pk": 13,
    "fields": {
        "name": "Ķ«Īń«Śµ£║ńĮæń╗£ÕÄ¤ńÉåõĖÄÕ║öńö©",
        "description": "ń│╗ń╗¤Ķ«▓Ķ¦ŻĶ«Īń«Śµ£║ńĮæń╗£ńÜäÕ¤║µ£¼ÕÄ¤ńÉåŃĆüÕŹÅĶ««ÕÆīÕ║öńö©’╝īµČĄńø¢OSIµ©ĪÕ×ŗŃĆüTCP/IPÕŹÅĶ««µŚÅŃĆüńĮæń╗£Õ«ēÕģ©ŃĆüµŚĀń║┐ńĮæń╗£ńŁēÕåģÕ«╣ŃĆéķģŹµ£ēõĖ░Õ»īńÜäÕ«×ķ¬īÕÆīµĪłõŠŗÕłåµ×ÉŃĆé",
        "cover_image": "book_covers/computer_networks.jpg",
        "book_file": "",
        "download_link": null,
        "price": "6.99",
        "inventory": 35,
        "sale_num": 22,
        "publisher": 11
    }
},
{
    "model": "manager.book",
    "pk": 14,
    "fields": {
        "name": "õ║║ÕĘźµÖ║ĶāĮ’╝ÜõĖĆń¦ŹńÄ░õ╗Żµ¢╣µ│Ģ’╝łń¼¼4ńēł’╝ē",
        "description": "AIķóåÕ¤¤ńÜäń╗ÅÕģĖµĢÖµØÉ’╝īÕģ©ķØóõ╗ŗń╗Źõ║║ÕĘźµÖ║ĶāĮńÜäńÉåĶ«║Õ¤║ńĪĆÕÆīÕ«×ĶĘĄµ¢╣µ│ĢŃĆéµČĄńø¢µÉ£ń┤óŃĆüń¤źĶ»åĶĪ©ńż║ŃĆüµ£║ÕÖ©ÕŁ”õ╣ĀŃĆüĶć¬ńäČĶ»ŁĶ©ĆÕżäńÉåŃĆüĶ«Īń«Śµ£║Ķ¦åĶ¦ēńŁēµĀĖÕ┐āķóåÕ¤¤ŃĆé",
        "cover_image": "book_covers/ai_modern_approach.jpg",
        "book_file": "",
        "download_link": null,
        "price": "6.99",
        "inventory": 20,
        "sale_num": 12,
        "publisher": 3
    }
},
{
    "model": "manager.book",
    "pk": 15,
    "fields": {
        "name": "µĢ░µŹ«Õ║ōń│╗ń╗¤Ķ«ŠĶ«ĪõĖÄÕ«×ńÄ░",
        "description": "µĘ▒ÕģźĶ«▓Ķ¦ŻµĢ░µŹ«Õ║ōń│╗ń╗¤ńÜäĶ«ŠĶ«ĪÕÄ¤ńÉåÕÆīÕ«×ńÄ░µŖĆµ£»’╝īÕīģµŗ¼ÕŁśÕé©Õ╝ĢµōÄŃĆüµ¤źĶ»óõ╝śÕī¢ŃĆüõ║ŗÕŖĪÕżäńÉåŃĆüÕłåÕĖāÕ╝ÅµĢ░µŹ«Õ║ōńŁēķ½śń║¦õĖ╗ķóśŃĆéķĆéÕÉłµĢ░µŹ«Õ║ōńøĖÕģ│õĖōõĖÜÕŁ”ńö¤ÕÆīÕĘźń©ŗÕĖłÕŁ”õ╣ĀŃĆé",
        "cover_image": "book_covers/database_systems.jpg",
        "book_file": "",
        "download_link": null,
        "price": "6.99",
        "inventory": 30,
        "sale_num": 19,
        "publisher": 10
    }
},
{
    "model": "manager.book",
    "pk": 16,
    "fields": {
        "name": "õ║æĶ«Īń«ŚµŖĆµ£»õĖÄÕ║öńö©Õ«×ĶĘĄ",
        "description": "Õģ©ķØóõ╗ŗń╗Źõ║æĶ«Īń«ŚńÜäµŖĆµ£»µ×Čµ×äŃĆüµ£ŹÕŖĪµ©ĪÕ╝ÅÕÆīÕ║öńö©Õ«×ĶĘĄŃĆéµČĄńø¢ĶÖÜµŗ¤Õī¢ŃĆüÕ«╣ÕÖ©µŖĆµ£»ŃĆüÕŠ«µ£ŹÕŖĪµ×Čµ×äŃĆüDevOpsńŁēńÄ░õ╗Żõ║æĶ«Īń«ŚµŖĆµ£»µĀł’╝īķģŹµ£ēÕ«×ķÖģķĪ╣ńø«µĪłõŠŗŃĆé",
        "cover_image": "book_covers/cloud_computing.jpg",
        "book_file": "",
        "download_link": null,
        "price": "6.99",
        "inventory": 33,
        "sale_num": 26,
        "publisher": 11
    }
},
{
    "model": "manager.author",
    "pk": 1,
    "fields": {
        "name": "Õ¤āķćīÕģŗ┬Ęķ®¼ńæ¤µ¢»",
        "book": [
            8
        ]
    }
},
{
    "model": "manager.author",
    "pk": 2,
    "fields": {
        "name": "Õ©üÕ╗ē┬Ęµ¢ćµŻ«ńē╣",
        "book": [
            2
        ]
    }
},
{
    "model": "manager.author",
    "pk": 3,
    "fields": {
        "name": "ńÄŗńÅŖ",
        "book": [
            3
        ]
    }
},
{
    "model": "manager.author",
    "pk": 6,
    "fields": {
        "name": "Õ╝Āõ╝¤µĢÖµÄł",
        "book": [
            7
        ]
    }
},
{
    "model": "manager.author",
    "pk": 7,
    "fields": {
        "name": "µØÄµśÄÕŹÄ",
        "book": [
            8
        ]
    }
},
{
    "model": "manager.author",
    "pk": 8,
    "fields": {
        "name": "ńÄŗÕ░Åń║ó",
        "book": [
            9
        ]
    }
},
{
    "model": "manager.author",
    "pk": 9,
    "fields": {
        "name": "ķÖłÕ╗║ÕøĮ",
        "book": [
            10
        ]
    }
},
{
    "model": "manager.author",
    "pk": 10,
    "fields": {
        "name": "ÕłśµÖōõĖ£",
        "book": [
            11
        ]
    }
},
{
    "model": "manager.author",
    "pk": 11,
    "fields": {
        "name": "µØ©õĖĮÕ©¤",
        "book": [
            12
        ]
    }
},
{
    "model": "manager.author",
    "pk": 12,
    "fields": {
        "name": "ĶĄĄÕøĮÕ╝║",
        "book": [
            13
        ]
    }
},
{
    "model": "manager.author",
    "pk": 13,
    "fields": {
        "name": "ÕŁÖńŠÄńÄ▓",
        "book": [
            14
        ]
    }
},
{
    "model": "manager.author",
    "pk": 14,
    "fields": {
        "name": "Õæ©µ¢ćÕŹÄ",
        "book": [
            15
        ]
    }
},
{
    "model": "manager.author",
    "pk": 15,
    "fields": {
        "name": "ÕÉ┤Õ┐ŚÕ╝║",
        "book": [
            16
        ]
    }
},
{
    "model": "manager.order",
    "pk": 1,
    "fields": {
        "order_number": "ORD202505280246540FA23751",
        "customer_name": "Espoir",
        "customer_email": "espoirmoukendi@gmail.com",
        "customer_phone": "13671309752",
        "country": "China",
        "payment_method": "wechat",
        "total_amount": "39.98",
        "status": "pending",
        "payment_status": "pending",
        "payment_transaction_id": null,
        "payment_completed_at": null,
        "customer_notes": "",
        "admin_notes": "",
        "created_at": "2025-05-27T18:46:54.205Z",
        "updated_at": "2025-05-27T18:46:54.205Z"
    }
},
{
    "model": "manager.order",
    "pk": 2,
    "fields": {
        "order_number": "ORD20250528221414619D87AB",
        "customer_name": "dfdfdfdf",
        "customer_email": "cluivertmoukendi@gmail.com",
        "customer_phone": "13589898552",
        "country": "China",
        "payment_method": "mtn_money",
        "total_amount": "79.99",
        "status": "pending",
        "payment_status": "pending",
        "payment_transaction_id": null,
        "payment_completed_at": null,
        "customer_notes": "",
        "admin_notes": "",
        "created_at": "2025-05-28T14:14:14.320Z",
        "updated_at": "2025-05-28T14:14:14.320Z"
    }
},
{
    "model": "manager.order",
    "pk": 3,
    "fields": {
        "order_number": "ORD2025052823171405F0812A",
        "customer_name": "ķÆ▒õĖā",
        "customer_email": "qianqi@example.com",
        "customer_phone": "13800138005",
        "country": "China",
        "payment_method": "bank_transfer",
        "total_amount": "119.99",
        "status": "delivered",
        "payment_status": "pending",
        "payment_transaction_id": null,
        "payment_completed_at": null,
        "customer_notes": "µĄŗĶ»ĢĶ«óÕŹĢÕżćµ│© 1",
        "admin_notes": "ń«ĪńÉåÕæśÕżćµ│© - Ķ«óÕŹĢ 1",
        "created_at": "2025-05-28T15:17:14.172Z",
        "updated_at": "2025-05-28T15:17:14.199Z"
    }
},
{
    "model": "manager.order",
    "pk": 4,
    "fields": {
        "order_number": "ORD20250528231714306CC7F6",
        "customer_name": "Õ╝ĀõĖē",
        "customer_email": "zhangsan@example.com",
        "customer_phone": "13800138001",
        "country": "China",
        "payment_method": "bank_transfer",
        "total_amount": "159.97",
        "status": "pending",
        "payment_status": "pending",
        "payment_transaction_id": null,
        "payment_completed_at": null,
        "customer_notes": "µĄŗĶ»ĢĶ«óÕŹĢÕżćµ│© 2",
        "admin_notes": "ń«ĪńÉåÕæśÕżćµ│© - Ķ«óÕŹĢ 2",
        "created_at": "2025-05-28T15:17:14.201Z",
        "updated_at": "2025-05-28T15:17:14.203Z"
    }
},
{
    "model": "manager.order",
    "pk": 5,
    "fields": {
        "order_number": "ORD20250528231714F88D4D91",
        "customer_name": "µØÄÕøø",
        "customer_email": "lisi@example.com",
        "customer_phone": "13800138002",
        "country": "China",
        "payment_method": "alipay",
        "total_amount": "559.93",
        "status": "pending",
        "payment_status": "refunded",
        "payment_transaction_id": null,
        "payment_completed_at": null,
        "customer_notes": "µĄŗĶ»ĢĶ«óÕŹĢÕżćµ│© 3",
        "admin_notes": "ń«ĪńÉåÕæśÕżćµ│© - Ķ«óÕŹĢ 3",
        "created_at": "2025-05-28T15:17:14.204Z",
        "updated_at": "2025-05-28T15:17:14.208Z"
    }
},
{
    "model": "manager.order",
    "pk": 6,
    "fields": {
        "order_number": "ORD202505282317148828DD66",
        "customer_name": "µØÄÕøø",
        "customer_email": "lisi@example.com",
        "customer_phone": "13800138002",
        "country": "China",
        "payment_method": "credit_card",
        "total_amount": "389.96",
        "status": "cancelled",
        "payment_status": "failed",
        "payment_transaction_id": null,
        "payment_completed_at": null,
        "customer_notes": "µĄŗĶ»ĢĶ«óÕŹĢÕżćµ│© 4",
        "admin_notes": "ń«ĪńÉåÕæśÕżćµ│© - Ķ«óÕŹĢ 4",
        "created_at": "2025-05-28T15:17:14.209Z",
        "updated_at": "2025-05-28T15:17:14.212Z"
    }
},
{
    "model": "manager.order",
    "pk": 7,
    "fields": {
        "order_number": "ORD2025052823171450EBDFA4",
        "customer_name": "µØÄÕøø",
        "customer_email": "lisi@example.com",
        "customer_phone": "13800138002",
        "country": "China",
        "payment_method": "bank_transfer",
        "total_amount": "549.92",
        "status": "shipped",
        "payment_status": "pending",
        "payment_transaction_id": null,
        "payment_completed_at": null,
        "customer_notes": "µĄŗĶ»ĢĶ«óÕŹĢÕżćµ│© 5",
        "admin_notes": "ń«ĪńÉåÕæśÕżćµ│© - Ķ«óÕŹĢ 5",
        "created_at": "2025-05-28T15:17:14.213Z",
        "updated_at": "2025-05-28T15:17:14.216Z"
    }
},
{
    "model": "manager.order",
    "pk": 8,
    "fields": {
        "order_number": "ORD20250528231714245BC3E0",
        "customer_name": "ĶĄĄÕģŁ",
        "customer_email": "zhaoliu@example.com",
        "customer_phone": "13800138004",
        "country": "China",
        "payment_method": "wechat_pay",
        "total_amount": "759.90",
        "status": "delivered",
        "payment_status": "failed",
        "payment_transaction_id": null,
        "payment_completed_at": null,
        "customer_notes": "µĄŗĶ»ĢĶ«óÕŹĢÕżćµ│© 6",
        "admin_notes": "ń«ĪńÉåÕæśÕżćµ│© - Ķ«óÕŹĢ 6",
        "created_at": "2025-05-28T15:17:14.217Z",
        "updated_at": "2025-05-28T15:17:14.220Z"
    }
},
{
    "model": "manager.order",
    "pk": 9,
    "fields": {
        "order_number": "ORD202505282317144FBB5125",
        "customer_name": "ńÄŗõ║ö",
        "customer_email": "wangwu@example.com",
        "customer_phone": "13800138003",
        "country": "China",
        "payment_method": "bank_transfer",
        "total_amount": "89.99",
        "status": "cancelled",
        "payment_status": "failed",
        "payment_transaction_id": null,
        "payment_completed_at": null,
        "customer_notes": "µĄŗĶ»ĢĶ«óÕŹĢÕżćµ│© 7",
        "admin_notes": "ń«ĪńÉåÕæśÕżćµ│© - Ķ«óÕŹĢ 7",
        "created_at": "2025-05-28T15:17:14.221Z",
        "updated_at": "2025-05-28T15:17:14.223Z"
    }
},
{
    "model": "manager.order",
    "pk": 10,
    "fields": {
        "order_number": "ORD20250528231714843E8264",
        "customer_name": "ĶĄĄÕģŁ",
        "customer_email": "zhaoliu@example.com",
        "customer_phone": "13800138004",
        "country": "China",
        "payment_method": "credit_card",
        "total_amount": "139.98",
        "status": "processing",
        "payment_status": "refunded",
        "payment_transaction_id": null,
        "payment_completed_at": null,
        "customer_notes": "µĄŗĶ»ĢĶ«óÕŹĢÕżćµ│© 8",
        "admin_notes": "ń«ĪńÉåÕæśÕżćµ│© - Ķ«óÕŹĢ 8",
        "created_at": "2025-05-28T15:17:14.224Z",
        "updated_at": "2025-05-28T15:17:14.226Z"
    }
},
{
    "model": "manager.order",
    "pk": 11,
    "fields": {
        "order_number": "ORD2025052823171473C6477D",
        "customer_name": "µØÄÕøø",
        "customer_email": "lisi@example.com",
        "customer_phone": "13800138002",
        "country": "China",
        "payment_method": "alipay",
        "total_amount": "759.90",
        "status": "shipped",
        "payment_status": "refunded",
        "payment_transaction_id": null,
        "payment_completed_at": null,
        "customer_notes": "µĄŗĶ»ĢĶ«óÕŹĢÕżćµ│© 9",
        "admin_notes": "ń«ĪńÉåÕæśÕżćµ│© - Ķ«óÕŹĢ 9",
        "created_at": "2025-05-28T15:17:14.227Z",
        "updated_at": "2025-05-28T15:17:14.230Z"
    }
},
{
    "model": "manager.order",
    "pk": 12,
    "fields": {
        "order_number": "ORD20250528231714805B9123",
        "customer_name": "µØÄÕøø",
        "customer_email": "lisi@example.com",
        "customer_phone": "13800138002",
        "country": "China",
        "payment_method": "credit_card",
        "total_amount": "89.99",
        "status": "processing",
        "payment_status": "pending",
        "payment_transaction_id": null,
        "payment_completed_at": null,
        "customer_notes": "µĄŗĶ»ĢĶ«óÕŹĢÕżćµ│© 10",
        "admin_notes": "ń«ĪńÉåÕæśÕżćµ│© - Ķ«óÕŹĢ 10",
        "created_at": "2025-05-28T15:17:14.231Z",
        "updated_at": "2025-05-28T15:17:14.233Z"
    }
},
{
    "model": "manager.order",
    "pk": 13,
    "fields": {
        "order_number": "ORD20250528231714355940D4",
        "customer_name": "µØÄÕøø",
        "customer_email": "lisi@example.com",
        "customer_phone": "13800138002",
        "country": "China",
        "payment_method": "bank_transfer",
        "total_amount": "349.96",
        "status": "processing",
        "payment_status": "pending",
        "payment_transaction_id": null,
        "payment_completed_at": null,
        "customer_notes": "µĄŗĶ»ĢĶ«óÕŹĢÕżćµ│© 11",
        "admin_notes": "ń«ĪńÉåÕæśÕżćµ│© - Ķ«óÕŹĢ 11",
        "created_at": "2025-05-28T15:17:14.233Z",
        "updated_at": "2025-05-28T15:17:14.236Z"
    }
},
{
    "model": "manager.order",
    "pk": 14,
    "fields": {
        "order_number": "ORD2025052823171471EF9857",
        "customer_name": "ńÄŗõ║ö",
        "customer_email": "wangwu@example.com",
        "customer_phone": "13800138003",
        "country": "China",
        "payment_method": "bank_transfer",
        "total_amount": "229.95",
        "status": "cancelled",
        "payment_status": "refunded",
        "payment_transaction_id": null,
        "payment_completed_at": null,
        "customer_notes": "µĄŗĶ»ĢĶ«óÕŹĢÕżćµ│© 12",
        "admin_notes": "ń«ĪńÉåÕæśÕżćµ│© - Ķ«óÕŹĢ 12",
        "created_at": "2025-05-28T15:17:14.237Z",
        "updated_at": "2025-05-28T15:17:14.240Z"
    }
},
{
    "model": "manager.order",
    "pk": 15,
    "fields": {
        "order_number": "ORD20250528231714199F35ED",
        "customer_name": "Õ╝ĀõĖē",
        "customer_email": "zhangsan@example.com",
        "customer_phone": "13800138001",
        "country": "China",
        "payment_method": "bank_transfer",
        "total_amount": "439.94",
        "status": "processing",
        "payment_status": "refunded",
        "payment_transaction_id": null,
        "payment_completed_at": null,
        "customer_notes": "µĄŗĶ»ĢĶ«óÕŹĢÕżćµ│© 13",
        "admin_notes": "ń«ĪńÉåÕæśÕżćµ│© - Ķ«óÕŹĢ 13",
        "created_at": "2025-05-28T15:17:14.241Z",
        "updated_at": "2025-05-28T15:17:14.243Z"
    }
},
{
    "model": "manager.order",
    "pk": 16,
    "fields": {
        "order_number": "ORD20250528231714F829E364",
        "customer_name": "ĶĄĄÕģŁ",
        "customer_email": "zhaoliu@example.com",
        "customer_phone": "13800138004",
        "country": "China",
        "payment_method": "alipay",
        "total_amount": "329.97",
        "status": "pending",
        "payment_status": "failed",
        "payment_transaction_id": null,
        "payment_completed_at": null,
        "customer_notes": "µĄŗĶ»ĢĶ«óÕŹĢÕżćµ│© 14",
        "admin_notes": "ń«ĪńÉåÕæśÕżćµ│© - Ķ«óÕŹĢ 14",
        "created_at": "2025-05-28T15:17:14.244Z",
        "updated_at": "2025-05-28T15:17:14.246Z"
    }
},
{
    "model": "manager.order",
    "pk": 17,
    "fields": {
        "order_number": "ORD202505282317148348C5B8",
        "customer_name": "ķÆ▒õĖā",
        "customer_email": "qianqi@example.com",
        "customer_phone": "13800138005",
        "country": "China",
        "payment_method": "credit_card",
        "total_amount": "549.92",
        "status": "cancelled",
        "payment_status": "paid",
        "payment_transaction_id": null,
        "payment_completed_at": null,
        "customer_notes": "µĄŗĶ»ĢĶ«óÕŹĢÕżćµ│© 15",
        "admin_notes": "ń«ĪńÉåÕæśÕżćµ│© - Ķ«óÕŹĢ 15",
        "created_at": "2025-05-28T15:17:14.247Z",
        "updated_at": "2025-05-28T15:17:14.250Z"
    }
},
{
    "model": "manager.order",
    "pk": 18,
    "fields": {
        "order_number": "ORD20250528231714D21E482E",
        "customer_name": "ĶĄĄÕģŁ",
        "customer_email": "zhaoliu@example.com",
        "customer_phone": "13800138004",
        "country": "China",
        "payment_method": "alipay",
        "total_amount": "379.95",
        "status": "cancelled",
        "payment_status": "paid",
        "payment_transaction_id": null,
        "payment_completed_at": null,
        "customer_notes": "µĄŗĶ»ĢĶ«óÕŹĢÕżćµ│© 16",
        "admin_notes": "ń«ĪńÉåÕæśÕżćµ│© - Ķ«óÕŹĢ 16",
        "created_at": "2025-05-28T15:17:14.251Z",
        "updated_at": "2025-05-28T15:17:14.254Z"
    }
},
{
    "model": "manager.order",
    "pk": 19,
    "fields": {
        "order_number": "ORD20250528231714EBAFB1CC",
        "customer_name": "ķÆ▒õĖā",
        "customer_email": "qianqi@example.com",
        "customer_phone": "13800138005",
        "country": "China",
        "payment_method": "wechat_pay",
        "total_amount": "479.94",
        "status": "delivered",
        "payment_status": "refunded",
        "payment_transaction_id": null,
        "payment_completed_at": null,
        "customer_notes": "µĄŗĶ»ĢĶ«óÕŹĢÕżćµ│© 17",
        "admin_notes": "ń«ĪńÉåÕæśÕżćµ│© - Ķ«óÕŹĢ 17",
        "created_at": "2025-05-28T15:17:14.255Z",
        "updated_at": "2025-05-28T15:18:55.613Z"
    }
},
{
    "model": "manager.order",
    "pk": 20,
    "fields": {
        "order_number": "ORD20250528231714307CCDD2",
        "customer_name": "ķÆ▒õĖā",
        "customer_email": "qianqi@example.com",
        "customer_phone": "13800138005",
        "country": "China",
        "payment_method": "bank_transfer",
        "total_amount": "349.96",
        "status": "pending",
        "payment_status": "paid",
        "payment_transaction_id": null,
        "payment_completed_at": null,
        "customer_notes": "µĄŗĶ»ĢĶ«óÕŹĢÕżćµ│© 18",
        "admin_notes": "ń«ĪńÉåÕæśÕżćµ│© - Ķ«óÕŹĢ 18",
        "created_at": "2025-05-28T15:17:14.259Z",
        "updated_at": "2025-05-28T15:17:14.261Z"
    }
},
{
    "model": "manager.order",
    "pk": 21,
    "fields": {
        "order_number": "ORD202505282317148E0E82AB",
        "customer_name": "ńÄŗõ║ö",
        "customer_email": "wangwu@example.com",
        "customer_phone": "13800138003",
        "country": "China",
        "payment_method": "wechat_pay",
        "total_amount": "369.96",
        "status": "processing",
        "payment_status": "refunded",
        "payment_transaction_id": null,
        "payment_completed_at": null,
        "customer_notes": "µĄŗĶ»ĢĶ«óÕŹĢÕżćµ│© 19",
        "admin_notes": "ń«ĪńÉåÕæśÕżćµ│© - Ķ«óÕŹĢ 19",
        "created_at": "2025-05-28T15:17:14.262Z",
        "updated_at": "2025-05-28T15:18:13.942Z"
    }
},
{
    "model": "manager.order",
    "pk": 22,
    "fields": {
        "order_number": "ORD20250528231714E2914B99",
        "customer_name": "µØÄÕøø",
        "customer_email": "lisi@example.com",
        "customer_phone": "13800138002",
        "country": "China",
        "payment_method": "credit_card",
        "total_amount": "509.92",
        "status": "delivered",
        "payment_status": "paid",
        "payment_transaction_id": null,
        "payment_completed_at": null,
        "customer_notes": "µĄŗĶ»ĢĶ«óÕŹĢÕżćµ│© 20",
        "admin_notes": "ń«ĪńÉåÕæśÕżćµ│© - Ķ«óÕŹĢ 20",
        "created_at": "2025-05-28T15:17:14.266Z",
        "updated_at": "2025-05-28T15:17:14.269Z"
    }
},
{
    "model": "manager.order",
    "pk": 23,
    "fields": {
        "order_number": "ORD20250528232726375F4D46",
        "customer_name": "klkjkljlihgb;",
        "customer_email": "cluivertmoukendi@gmail.com",
        "customer_phone": "326565",
        "country": "China",
        "payment_method": "bank_card",
        "total_amount": "19.99",
        "status": "pending",
        "payment_status": "pending",
        "payment_transaction_id": null,
        "payment_completed_at": null,
        "customer_notes": "",
        "admin_notes": "",
        "created_at": "2025-05-28T15:27:26.913Z",
        "updated_at": "2025-05-28T15:27:26.913Z"
    }
},
{
    "model": "manager.order",
    "pk": 24,
    "fields": {
        "order_number": "D74753BB",
        "customer_name": "Õ╝ĀõĖē",
        "customer_email": "zhangsan@example.com",
        "customer_phone": "13800138000",
        "country": "China",
        "payment_method": "",
        "total_amount": "99.99",
        "status": "pending",
        "payment_status": "pending",
        "payment_transaction_id": null,
        "payment_completed_at": null,
        "customer_notes": "",
        "admin_notes": "",
        "created_at": "2025-05-28T16:17:31.248Z",
        "updated_at": "2025-05-28T16:17:31.248Z"
    }
},
{
    "model": "manager.order",
    "pk": 25,
    "fields": {
        "order_number": "F364F170",
        "customer_name": "µØÄÕøø",
        "customer_email": "lisi@example.com",
        "customer_phone": "13800138001",
        "country": "China",
        "payment_method": "",
        "total_amount": "156.80",
        "status": "confirmed",
        "payment_status": "completed",
        "payment_transaction_id": null,
        "payment_completed_at": null,
        "customer_notes": "",
        "admin_notes": "",
        "created_at": "2025-05-28T16:17:31.255Z",
        "updated_at": "2025-05-28T16:17:31.255Z"
    }
},
{
    "model": "manager.order",
    "pk": 26,
    "fields": {
        "order_number": "26594736",
        "customer_name": "ńÄŗõ║ö",
        "customer_email": "wangwu@example.com",
        "customer_phone": "13800138002",
        "country": "China",
        "payment_method": "",
        "total_amount": "238.50",
        "status": "confirmed",
        "payment_status": "pending",
        "payment_transaction_id": null,
        "payment_completed_at": null,
        "customer_notes": "",
        "admin_notes": "",
        "created_at": "2025-05-28T16:17:31.256Z",
        "updated_at": "2025-05-29T17:18:33.625Z"
    }
},
{
    "model": "manager.order",
    "pk": 28,
    "fields": {
        "order_number": "ORD2025061911091908328736",
        "customer_name": "EBANDZA EDOUARD",
        "customer_email": "marcelmoukendi@gmail.com",
        "customer_phone": "9742914531",
        "country": "China",
        "payment_method": "alipay",
        "total_amount": "119.99",
        "status": "pending",
        "payment_status": "pending",
        "payment_transaction_id": null,
        "payment_completed_at": null,
        "customer_notes": "",
        "admin_notes": "",
        "created_at": "2025-06-19T03:09:19.096Z",
        "updated_at": "2025-06-19T03:09:19.096Z"
    }
},
{
    "model": "manager.order",
    "pk": 29,
    "fields": {
        "order_number": "ORD20250625141103FEB66D42",
        "customer_name": "Espoir",
        "customer_email": "espoirmoukendi@gmail.com",
        "customer_phone": "1212545454545",
        "country": "China",
        "payment_method": "wechat",
        "total_amount": "19.99",
        "status": "refunded",
        "payment_status": "pending",
        "payment_transaction_id": null,
        "payment_completed_at": null,
        "customer_notes": "",
        "admin_notes": "",
        "created_at": "2025-06-25T06:11:03.104Z",
        "updated_at": "2025-06-26T04:15:33.424Z"
    }
},
{
    "model": "manager.order",
    "pk": 30,
    "fields": {
        "order_number": "ORD202506261231178D124E83",
        "customer_name": "Õ╝ĀõĖē",
        "customer_email": "zhangsan@example.com",
        "customer_phone": "13800138001",
        "country": "China",
        "payment_method": "alipay",
        "total_amount": "772.69",
        "status": "processing",
        "payment_status": "refunded",
        "payment_transaction_id": null,
        "payment_completed_at": null,
        "customer_notes": "µĄŗĶ»ĢĶ«óÕŹĢÕżćµ│© 1",
        "admin_notes": "ń«ĪńÉåÕæśÕżćµ│© - Ķ«óÕŹĢ 1",
        "created_at": "2025-06-26T04:31:17.114Z",
        "updated_at": "2025-06-26T04:31:17.136Z"
    }
},
{
    "model": "manager.order",
    "pk": 31,
    "fields": {
        "order_number": "ORD202506261231176CDE5DEF",
        "customer_name": "ĶĄĄÕģŁ",
        "customer_email": "zhaoliu@example.com",
        "customer_phone": "13800138004",
        "country": "China",
        "payment_method": "credit_card",
        "total_amount": "614.20",
        "status": "pending",
        "payment_status": "refunded",
        "payment_transaction_id": null,
        "payment_completed_at": null,
        "customer_notes": "µĄŗĶ»ĢĶ«óÕŹĢÕżćµ│© 2",
        "admin_notes": "ń«ĪńÉåÕæśÕżćµ│© - Ķ«óÕŹĢ 2",
        "created_at": "2025-06-26T04:31:17.138Z",
        "updated_at": "2025-06-26T04:31:17.143Z"
    }
},
{
    "model": "manager.order",
    "pk": 32,
    "fields": {
        "order_number": "ORD20250626123117C335F3E4",
        "customer_name": "ķÆ▒õĖā",
        "customer_email": "qianqi@example.com",
        "customer_phone": "13800138005",
        "country": "China",
        "payment_method": "alipay",
        "total_amount": "1092.30",
        "status": "delivered",
        "payment_status": "paid",
        "payment_transaction_id": null,
        "payment_completed_at": null,
        "customer_notes": "µĄŗĶ»ĢĶ«óÕŹĢÕżćµ│© 3",
        "admin_notes": "ń«ĪńÉåÕæśÕżćµ│© - Ķ«óÕŹĢ 3",
        "created_at": "2025-06-26T04:31:17.144Z",
        "updated_at": "2025-06-26T04:31:17.148Z"
    }
},
{
    "model": "manager.order",
    "pk": 33,
    "fields": {
        "order_number": "ORD202506261231178CA24E82",
        "customer_name": "ķÆ▒õĖā",
        "customer_email": "qianqi@example.com",
        "customer_phone": "13800138005",
        "country": "China",
        "payment_method": "wechat_pay",
        "total_amount": "636.97",
        "status": "pending",
        "payment_status": "failed",
        "payment_transaction_id": null,
        "payment_completed_at": null,
        "customer_notes": "µĄŗĶ»ĢĶ«óÕŹĢÕżćµ│© 4",
        "admin_notes": "ń«ĪńÉåÕæśÕżćµ│© - Ķ«óÕŹĢ 4",
        "created_at": "2025-06-26T04:31:17.149Z",
        "updated_at": "2025-06-26T04:31:17.154Z"
    }
},
{
    "model": "manager.order",
    "pk": 34,
    "fields": {
        "order_number": "ORD2025062612311764A69383",
        "customer_name": "ķÆ▒õĖā",
        "customer_email": "qianqi@example.com",
        "customer_phone": "13800138005",
        "country": "China",
        "payment_method": "alipay",
        "total_amount": "767.75",
        "status": "cancelled",
        "payment_status": "refunded",
        "payment_transaction_id": null,
        "payment_completed_at": null,
        "customer_notes": "µĄŗĶ»ĢĶ«óÕŹĢÕżćµ│© 5",
        "admin_notes": "ń«ĪńÉåÕæśÕżćµ│© - Ķ«óÕŹĢ 5",
        "created_at": "2025-06-26T04:31:17.155Z",
        "updated_at": "2025-06-26T04:31:17.159Z"
    }
},
{
    "model": "manager.order",
    "pk": 35,
    "fields": {
        "order_number": "ORD20250626123117391B6751",
        "customer_name": "ĶĄĄÕģŁ",
        "customer_email": "zhaoliu@example.com",
        "customer_phone": "13800138004",
        "country": "China",
        "payment_method": "wechat_pay",
        "total_amount": "239.97",
        "status": "pending",
        "payment_status": "pending",
        "payment_transaction_id": null,
        "payment_completed_at": null,
        "customer_notes": "µĄŗĶ»ĢĶ«óÕŹĢÕżćµ│© 6",
        "admin_notes": "ń«ĪńÉåÕæśÕżćµ│© - Ķ«óÕŹĢ 6",
        "created_at": "2025-06-26T04:31:17.160Z",
        "updated_at": "2025-06-26T04:31:17.163Z"
    }
},
{
    "model": "manager.order",
    "pk": 36,
    "fields": {
        "order_number": "ORD20250626123117EDA22B8B",
        "customer_name": "ķÆ▒õĖā",
        "customer_email": "qianqi@example.com",
        "customer_phone": "13800138005",
        "country": "China",
        "payment_method": "credit_card",
        "total_amount": "79.99",
        "status": "shipped",
        "payment_status": "pending",
        "payment_transaction_id": null,
        "payment_completed_at": null,
        "customer_notes": "µĄŗĶ»ĢĶ«óÕŹĢÕżćµ│© 7",
        "admin_notes": "ń«ĪńÉåÕæśÕżćµ│© - Ķ«óÕŹĢ 7",
        "created_at": "2025-06-26T04:31:17.164Z",
        "updated_at": "2025-06-26T04:31:17.169Z"
    }
},
{
    "model": "manager.order",
    "pk": 37,
    "fields": {
        "order_number": "ORD202506261231175985F0DF",
        "customer_name": "ńÄŗõ║ö",
        "customer_email": "wangwu@example.com",
        "customer_phone": "13800138003",
        "country": "China",
        "payment_method": "bank_transfer",
        "total_amount": "312.80",
        "status": "shipped",
        "payment_status": "refunded",
        "payment_transaction_id": null,
        "payment_completed_at": null,
        "customer_notes": "µĄŗĶ»ĢĶ«óÕŹĢÕżćµ│© 8",
        "admin_notes": "ń«ĪńÉåÕæśÕżćµ│© - Ķ«óÕŹĢ 8",
        "created_at": "2025-06-26T04:31:17.170Z",
        "updated_at": "2025-06-26T04:31:17.173Z"
    }
},
{
    "model": "manager.order",
    "pk": 38,
    "fields": {
        "order_number": "ORD20250626123117E30F3474",
        "customer_name": "µØÄÕøø",
        "customer_email": "lisi@example.com",
        "customer_phone": "13800138002",
        "country": "China",
        "payment_method": "bank_transfer",
        "total_amount": "958.50",
        "status": "pending",
        "payment_status": "pending",
        "payment_transaction_id": null,
        "payment_completed_at": null,
        "customer_notes": "µĄŗĶ»ĢĶ«óÕŹĢÕżćµ│© 9",
        "admin_notes": "ń«ĪńÉåÕæśÕżćµ│© - Ķ«óÕŹĢ 9",
        "created_at": "2025-06-26T04:31:17.175Z",
        "updated_at": "2025-06-26T04:31:17.179Z"
    }
},
{
    "model": "manager.order",
    "pk": 39,
    "fields": {
        "order_number": "ORD20250626123117AF2164D8",
        "customer_name": "ķÆ▒õĖā",
        "customer_email": "qianqi@example.com",
        "customer_phone": "13800138005",
        "country": "China",
        "payment_method": "bank_transfer",
        "total_amount": "446.90",
        "status": "processing",
        "payment_status": "pending",
        "payment_transaction_id": null,
        "payment_completed_at": null,
        "customer_notes": "µĄŗĶ»ĢĶ«óÕŹĢÕżćµ│© 10",
        "admin_notes": "ń«ĪńÉåÕæśÕżćµ│© - Ķ«óÕŹĢ 10",
        "created_at": "2025-06-26T04:31:17.181Z",
        "updated_at": "2025-06-26T04:31:17.185Z"
    }
},
{
    "model": "manager.order",
    "pk": 40,
    "fields": {
        "order_number": "ORD2025062612311787E3C9F5",
        "customer_name": "ńÄŗõ║ö",
        "customer_email": "wangwu@example.com",
        "customer_phone": "13800138003",
        "country": "China",
        "payment_method": "wechat_pay",
        "total_amount": "725.40",
        "status": "processing",
        "payment_status": "paid",
        "payment_transaction_id": null,
        "payment_completed_at": null,
        "customer_notes": "µĄŗĶ»ĢĶ«óÕŹĢÕżćµ│© 11",
        "admin_notes": "ń«ĪńÉåÕæśÕżćµ│© - Ķ«óÕŹĢ 11",
        "created_at": "2025-06-26T04:31:17.186Z",
        "updated_at": "2025-06-26T04:31:17.191Z"
    }
},
{
    "model": "manager.order",
    "pk": 41,
    "fields": {
        "order_number": "ORD20250626123117BAF5F24C",
        "customer_name": "ķÆ▒õĖā",
        "customer_email": "qianqi@example.com",
        "customer_phone": "13800138005",
        "country": "China",
        "payment_method": "credit_card",
        "total_amount": "1185.28",
        "status": "pending",
        "payment_status": "pending",
        "payment_transaction_id": null,
        "payment_completed_at": null,
        "customer_notes": "µĄŗĶ»ĢĶ«óÕŹĢÕżćµ│© 12",
        "admin_notes": "ń«ĪńÉåÕæśÕżćµ│© - Ķ«óÕŹĢ 12",
        "created_at": "2025-06-26T04:31:17.192Z",
        "updated_at": "2025-06-26T04:31:17.196Z"
    }
},
{
    "model": "manager.order",
    "pk": 42,
    "fields": {
        "order_number": "ORD20250626123117AB035894",
        "customer_name": "ĶĄĄÕģŁ",
        "customer_email": "zhaoliu@example.com",
        "customer_phone": "13800138004",
        "country": "China",
        "payment_method": "wechat_pay",
        "total_amount": "899.26",
        "status": "delivered",
        "payment_status": "failed",
        "payment_transaction_id": null,
        "payment_completed_at": null,
        "customer_notes": "µĄŗĶ»ĢĶ«óÕŹĢÕżćµ│© 13",
        "admin_notes": "ń«ĪńÉåÕæśÕżćµ│© - Ķ«óÕŹĢ 13",
        "created_at": "2025-06-26T04:31:17.198Z",
        "updated_at": "2025-06-26T04:31:17.203Z"
    }
},
{
    "model": "manager.order",
    "pk": 43,
    "fields": {
        "order_number": "ORD20250626123117FE16BDFF",
        "customer_name": "ńÄŗõ║ö",
        "customer_email": "wangwu@example.com",
        "customer_phone": "13800138003",
        "country": "China",
        "payment_method": "alipay",
        "total_amount": "291.60",
        "status": "shipped",
        "payment_status": "failed",
        "payment_transaction_id": null,
        "payment_completed_at": null,
        "customer_notes": "µĄŗĶ»ĢĶ«óÕŹĢÕżćµ│© 14",
        "admin_notes": "ń«ĪńÉåÕæśÕżćµ│© - Ķ«óÕŹĢ 14",
        "created_at": "2025-06-26T04:31:17.204Z",
        "updated_at": "2025-06-26T04:31:17.207Z"
    }
},
{
    "model": "manager.order",
    "pk": 44,
    "fields": {
        "order_number": "ORD202506261231171C095A3C",
        "customer_name": "ĶĄĄÕģŁ",
        "customer_email": "zhaoliu@example.com",
        "customer_phone": "13800138004",
        "country": "China",
        "payment_method": "alipay",
        "total_amount": "898.77",
        "status": "cancelled",
        "payment_status": "refunded",
        "payment_transaction_id": null,
        "payment_completed_at": null,
        "customer_notes": "µĄŗĶ»ĢĶ«óÕŹĢÕżćµ│© 15",
        "admin_notes": "ń«ĪńÉåÕæśÕżćµ│© - Ķ«óÕŹĢ 15",
        "created_at": "2025-06-26T04:31:17.208Z",
        "updated_at": "2025-06-26T04:31:17.212Z"
    }
},
{
    "model": "manager.order",
    "pk": 45,
    "fields": {
        "order_number": "ORD20250626123117018E967D",
        "customer_name": "µØÄÕøø",
        "customer_email": "lisi@example.com",
        "customer_phone": "13800138002",
        "country": "China",
        "payment_method": "wechat_pay",
        "total_amount": "830.97",
        "status": "delivered",
        "payment_status": "pending",
        "payment_transaction_id": null,
        "payment_completed_at": null,
        "customer_notes": "µĄŗĶ»ĢĶ«óÕŹĢÕżćµ│© 16",
        "admin_notes": "ń«ĪńÉåÕæśÕżćµ│© - Ķ«óÕŹĢ 16",
        "created_at": "2025-06-26T04:31:17.213Z",
        "updated_at": "2025-06-26T04:31:17.217Z"
    }
},
{
    "model": "manager.order",
    "pk": 46,
    "fields": {
        "order_number": "ORD20250626123117F676D5B9",
        "customer_name": "Õ╝ĀõĖē",
        "customer_email": "zhangsan@example.com",
        "customer_phone": "13800138001",
        "country": "China",
        "payment_method": "bank_transfer",
        "total_amount": "149.47",
        "status": "processing",
        "payment_status": "refunded",
        "payment_transaction_id": null,
        "payment_completed_at": null,
        "customer_notes": "µĄŗĶ»ĢĶ«óÕŹĢÕżćµ│© 17",
        "admin_notes": "ń«ĪńÉåÕæśÕżćµ│© - Ķ«óÕŹĢ 17",
        "created_at": "2025-06-26T04:31:17.219Z",
        "updated_at": "2025-06-26T04:31:17.223Z"
    }
},
{
    "model": "manager.order",
    "pk": 47,
    "fields": {
        "order_number": "ORD2025062612311798445D23",
        "customer_name": "ĶĄĄÕģŁ",
        "customer_email": "zhaoliu@example.com",
        "customer_phone": "13800138004",
        "country": "China",
        "payment_method": "alipay",
        "total_amount": "849.60",
        "status": "delivered",
        "payment_status": "failed",
        "payment_transaction_id": null,
        "payment_completed_at": null,
        "customer_notes": "µĄŗĶ»ĢĶ«óÕŹĢÕżćµ│© 18",
        "admin_notes": "ń«ĪńÉåÕæśÕżćµ│© - Ķ«óÕŹĢ 18",
        "created_at": "2025-06-26T04:31:17.224Z",
        "updated_at": "2025-06-26T04:31:17.227Z"
    }
},
{
    "model": "manager.order",
    "pk": 48,
    "fields": {
        "order_number": "ORD2025062612311778890309",
        "customer_name": "ķÆ▒õĖā",
        "customer_email": "qianqi@example.com",
        "customer_phone": "13800138005",
        "country": "China",
        "payment_method": "credit_card",
        "total_amount": "168.70",
        "status": "cancelled",
        "payment_status": "pending",
        "payment_transaction_id": null,
        "payment_completed_at": null,
        "customer_notes": "µĄŗĶ»ĢĶ«óÕŹĢÕżćµ│© 19",
        "admin_notes": "ń«ĪńÉåÕæśÕżćµ│© - Ķ«óÕŹĢ 19",
        "created_at": "2025-06-26T04:31:17.229Z",
        "updated_at": "2025-06-26T04:31:17.231Z"
    }
},
{
    "model": "manager.order",
    "pk": 49,
    "fields": {
        "order_number": "ORD202506261231172BEB7A2A",
        "customer_name": "µØÄÕøø",
        "customer_email": "lisi@example.com",
        "customer_phone": "13800138002",
        "country": "China",
        "payment_method": "wechat_pay",
        "total_amount": "715.99",
        "status": "shipped",
        "payment_status": "failed",
        "payment_transaction_id": null,
        "payment_completed_at": null,
        "customer_notes": "µĄŗĶ»ĢĶ«óÕŹĢÕżćµ│© 20",
        "admin_notes": "ń«ĪńÉåÕæśÕżćµ│© - Ķ«óÕŹĢ 20",
        "created_at": "2025-06-26T04:31:17.232Z",
        "updated_at": "2025-06-26T04:31:17.237Z"
    }
},
{
    "model": "manager.order",
    "pk": 51,
    "fields": {
        "order_number": "ORD20250627211325448A19B0",
        "customer_name": "Espoir",
        "customer_email": "espoirmoukendi@gmail.com",
        "customer_phone": "1212545454545",
        "country": "China",
        "payment_method": "bank_card",
        "total_amount": "39.98",
        "status": "shipped",
        "payment_status": "pending",
        "payment_transaction_id": null,
        "payment_completed_at": null,
        "customer_notes": "",
        "admin_notes": "",
        "created_at": "2025-06-27T13:13:25.549Z",
        "updated_at": "2025-06-27T13:18:53.879Z"
    }
},
{
    "model": "manager.order",
    "pk": 52,
    "fields": {
        "order_number": "ORD2025102119401234B737BB",
        "customer_name": "MOULOUMBA MOUKENDI CLUIVERT",
        "customer_email": "espoirmoukendi@gmail.com",
        "customer_phone": "3671309752",
        "country": "China",
        "payment_method": "wechat",
        "total_amount": "19.99",
        "status": "pending",
        "payment_status": "pending",
        "payment_transaction_id": null,
        "payment_completed_at": null,
        "customer_notes": "",
        "admin_notes": "",
        "created_at": "2025-10-21T11:40:12.540Z",
        "updated_at": "2025-10-21T11:40:12.540Z"
    }
},
{
    "model": "manager.order",
    "pk": 53,
    "fields": {
        "order_number": "ORD202510212028327B30982A",
        "customer_name": "MOULOUMBA MOUKENDI CLUIVERT",
        "customer_email": "espoirmoukendi@gmail.com",
        "customer_phone": "3671309752",
        "country": "China",
        "payment_method": "wechat_pay",
        "total_amount": "13.98",
        "status": "payment_pending",
        "payment_status": "pending",
        "payment_transaction_id": null,
        "payment_completed_at": null,
        "customer_notes": "",
        "admin_notes": "",
        "created_at": "2025-10-21T12:28:32.068Z",
        "updated_at": "2025-10-21T12:28:32.068Z"
    }
},
{
    "model": "manager.order",
    "pk": 54,
    "fields": {
        "order_number": "ORD2025102200485046121C36",
        "customer_name": "MOULOUMBA MOUKENDI CLUIVERT",
        "customer_email": "espoirmoukendi@gmail.com",
        "customer_phone": "3671309752",
        "country": "China",
        "payment_method": "alipay",
        "total_amount": "6.99",
        "status": "processing",
        "payment_status": "pending",
        "payment_transaction_id": null,
        "payment_completed_at": null,
        "customer_notes": "",
        "admin_notes": "",
        "created_at": "2025-10-21T16:48:50.979Z",
        "updated_at": "2025-10-21T16:48:50.979Z"
    }
},
{
    "model": "manager.order",
    "pk": 55,
    "fields": {
        "order_number": "ORD2025102201115092DDE8EB",
        "customer_name": "Espoir",
        "customer_email": "espoirmoukendi@gmail.com",
        "customer_phone": "3671309752",
        "country": "China",
        "payment_method": "wechat_pay",
        "total_amount": "6.99",
        "status": "processing",
        "payment_status": "pending",
        "payment_transaction_id": null,
        "payment_completed_at": null,
        "customer_notes": "",
        "admin_notes": "",
        "created_at": "2025-10-21T17:11:50.548Z",
        "updated_at": "2025-10-21T17:13:50.286Z"
    }
},
{
    "model": "manager.order",
    "pk": 56,
    "fields": {
        "order_number": "ORD202510220154349E944A8B",
        "customer_name": "Maria Claire Kanga Moukendi",
        "customer_email": "mariamoukendi@gmail.com",
        "customer_phone": "18506959673",
        "country": "China",
        "payment_method": "alipay",
        "total_amount": "6.99",
        "status": "shipped",
        "payment_status": "pending",
        "payment_transaction_id": null,
        "payment_completed_at": null,
        "customer_notes": "",
        "admin_notes": "",
        "created_at": "2025-10-21T17:54:34.974Z",
        "updated_at": "2025-10-21T17:55:25.606Z"
    }
},
{
    "model": "manager.order",
    "pk": 57,
    "fields": {
        "order_number": "ORD20251022184532811EF9B4",
        "customer_name": "Zeke Zikey",
        "customer_email": "contact@bizkeyz.com",
        "customer_phone": "18506959673",
        "country": "China",
        "payment_method": "alipay",
        "total_amount": "6.99",
        "status": "shipped",
        "payment_status": "pending",
        "payment_transaction_id": null,
        "payment_completed_at": null,
        "customer_notes": "",
        "admin_notes": "",
        "created_at": "2025-10-22T10:45:32.583Z",
        "updated_at": "2025-10-22T10:47:04.473Z"
    }
},
{
    "model": "manager.orderitem",
    "pk": 1,
    "fields": {
        "order": 1,
        "book": 4,
        "quantity": 2,
        "unit_price": "19.99",
        "total_price": "39.98"
    }
},
{
    "model": "manager.orderitem",
    "pk": 2,
    "fields": {
        "order": 2,
        "book": 3,
        "quantity": 1,
        "unit_price": "79.99",
        "total_price": "79.99"
    }
},
{
    "model": "manager.orderitem",
    "pk": 3,
    "fields": {
        "order": 3,
        "book": 2,
        "quantity": 1,
        "unit_price": "119.99",
        "total_price": "119.99"
    }
},
{
    "model": "manager.orderitem",
    "pk": 4,
    "fields": {
        "order": 4,
        "book": 4,
        "quantity": 2,
        "unit_price": "19.99",
        "total_price": "39.98"
    }
},
{
    "model": "manager.orderitem",
    "pk": 5,
    "fields": {
        "order": 4,
        "book": 2,
        "quantity": 1,
        "unit_price": "119.99",
        "total_price": "119.99"
    }
},
{
    "model": "manager.orderitem",
    "pk": 6,
    "fields": {
        "order": 5,
        "book": 4,
        "quantity": 1,
        "unit_price": "19.99",
        "total_price": "19.99"
    }
},
{
    "model": "manager.orderitem",
    "pk": 7,
    "fields": {
        "order": 5,
        "book": 2,
        "quantity": 1,
        "unit_price": "119.99",
        "total_price": "119.99"
    }
},
{
    "model": "manager.orderitem",
    "pk": 8,
    "fields": {
        "order": 5,
        "book": 3,
        "quantity": 3,
        "unit_price": "79.99",
        "total_price": "239.97"
    }
},
{
    "model": "manager.orderitem",
    "pk": 9,
    "fields": {
        "order": 5,
        "book": 1,
        "quantity": 2,
        "unit_price": "89.99",
        "total_price": "179.98"
    }
},
{
    "model": "manager.orderitem",
    "pk": 10,
    "fields": {
        "order": 6,
        "book": 1,
        "quantity": 3,
        "unit_price": "89.99",
        "total_price": "269.97"
    }
},
{
    "model": "manager.orderitem",
    "pk": 11,
    "fields": {
        "order": 6,
        "book": 2,
        "quantity": 1,
        "unit_price": "119.99",
        "total_price": "119.99"
    }
},
{
    "model": "manager.orderitem",
    "pk": 12,
    "fields": {
        "order": 7,
        "book": 3,
        "quantity": 2,
        "unit_price": "79.99",
        "total_price": "159.98"
    }
},
{
    "model": "manager.orderitem",
    "pk": 13,
    "fields": {
        "order": 7,
        "book": 2,
        "quantity": 2,
        "unit_price": "119.99",
        "total_price": "239.98"
    }
},
{
    "model": "manager.orderitem",
    "pk": 14,
    "fields": {
        "order": 7,
        "book": 4,
        "quantity": 3,
        "unit_price": "19.99",
        "total_price": "59.97"
    }
},
{
    "model": "manager.orderitem",
    "pk": 15,
    "fields": {
        "order": 7,
        "book": 1,
        "quantity": 1,
        "unit_price": "89.99",
        "total_price": "89.99"
    }
},
{
    "model": "manager.orderitem",
    "pk": 16,
    "fields": {
        "order": 8,
        "book": 2,
        "quantity": 3,
        "unit_price": "119.99",
        "total_price": "359.97"
    }
},
{
    "model": "manager.orderitem",
    "pk": 17,
    "fields": {
        "order": 8,
        "book": 4,
        "quantity": 3,
        "unit_price": "19.99",
        "total_price": "59.97"
    }
},
{
    "model": "manager.orderitem",
    "pk": 18,
    "fields": {
        "order": 8,
        "book": 1,
        "quantity": 2,
        "unit_price": "89.99",
        "total_price": "179.98"
    }
},
{
    "model": "manager.orderitem",
    "pk": 19,
    "fields": {
        "order": 8,
        "book": 3,
        "quantity": 2,
        "unit_price": "79.99",
        "total_price": "159.98"
    }
},
{
    "model": "manager.orderitem",
    "pk": 20,
    "fields": {
        "order": 9,
        "book": 1,
        "quantity": 1,
        "unit_price": "89.99",
        "total_price": "89.99"
    }
},
{
    "model": "manager.orderitem",
    "pk": 21,
    "fields": {
        "order": 10,
        "book": 2,
        "quantity": 1,
        "unit_price": "119.99",
        "total_price": "119.99"
    }
},
{
    "model": "manager.orderitem",
    "pk": 22,
    "fields": {
        "order": 10,
        "book": 4,
        "quantity": 1,
        "unit_price": "19.99",
        "total_price": "19.99"
    }
},
{
    "model": "manager.orderitem",
    "pk": 23,
    "fields": {
        "order": 11,
        "book": 2,
        "quantity": 3,
        "unit_price": "119.99",
        "total_price": "359.97"
    }
},
{
    "model": "manager.orderitem",
    "pk": 24,
    "fields": {
        "order": 11,
        "book": 1,
        "quantity": 2,
        "unit_price": "89.99",
        "total_price": "179.98"
    }
},
{
    "model": "manager.orderitem",
    "pk": 25,
    "fields": {
        "order": 11,
        "book": 3,
        "quantity": 2,
        "unit_price": "79.99",
        "total_price": "159.98"
    }
},
{
    "model": "manager.orderitem",
    "pk": 26,
    "fields": {
        "order": 11,
        "book": 4,
        "quantity": 3,
        "unit_price": "19.99",
        "total_price": "59.97"
    }
},
{
    "model": "manager.orderitem",
    "pk": 27,
    "fields": {
        "order": 12,
        "book": 1,
        "quantity": 1,
        "unit_price": "89.99",
        "total_price": "89.99"
    }
},
{
    "model": "manager.orderitem",
    "pk": 28,
    "fields": {
        "order": 13,
        "book": 1,
        "quantity": 3,
        "unit_price": "89.99",
        "total_price": "269.97"
    }
},
{
    "model": "manager.orderitem",
    "pk": 29,
    "fields": {
        "order": 13,
        "book": 3,
        "quantity": 1,
        "unit_price": "79.99",
        "total_price": "79.99"
    }
},
{
    "model": "manager.orderitem",
    "pk": 30,
    "fields": {
        "order": 14,
        "book": 4,
        "quantity": 3,
        "unit_price": "19.99",
        "total_price": "59.97"
    }
},
{
    "model": "manager.orderitem",
    "pk": 31,
    "fields": {
        "order": 14,
        "book": 3,
        "quantity": 1,
        "unit_price": "79.99",
        "total_price": "79.99"
    }
},
{
    "model": "manager.orderitem",
    "pk": 32,
    "fields": {
        "order": 14,
        "book": 1,
        "quantity": 1,
        "unit_price": "89.99",
        "total_price": "89.99"
    }
},
{
    "model": "manager.orderitem",
    "pk": 33,
    "fields": {
        "order": 15,
        "book": 4,
        "quantity": 2,
        "unit_price": "19.99",
        "total_price": "39.98"
    }
},
{
    "model": "manager.orderitem",
    "pk": 34,
    "fields": {
        "order": 15,
        "book": 3,
        "quantity": 2,
        "unit_price": "79.99",
        "total_price": "159.98"
    }
},
{
    "model": "manager.orderitem",
    "pk": 35,
    "fields": {
        "order": 15,
        "book": 2,
        "quantity": 2,
        "unit_price": "119.99",
        "total_price": "239.98"
    }
},
{
    "model": "manager.orderitem",
    "pk": 36,
    "fields": {
        "order": 16,
        "book": 1,
        "quantity": 1,
        "unit_price": "89.99",
        "total_price": "89.99"
    }
},
{
    "model": "manager.orderitem",
    "pk": 37,
    "fields": {
        "order": 16,
        "book": 2,
        "quantity": 2,
        "unit_price": "119.99",
        "total_price": "239.98"
    }
},
{
    "model": "manager.orderitem",
    "pk": 38,
    "fields": {
        "order": 17,
        "book": 1,
        "quantity": 1,
        "unit_price": "89.99",
        "total_price": "89.99"
    }
},
{
    "model": "manager.orderitem",
    "pk": 39,
    "fields": {
        "order": 17,
        "book": 3,
        "quantity": 2,
        "unit_price": "79.99",
        "total_price": "159.98"
    }
},
{
    "model": "manager.orderitem",
    "pk": 40,
    "fields": {
        "order": 17,
        "book": 4,
        "quantity": 3,
        "unit_price": "19.99",
        "total_price": "59.97"
    }
},
{
    "model": "manager.orderitem",
    "pk": 41,
    "fields": {
        "order": 17,
        "book": 2,
        "quantity": 2,
        "unit_price": "119.99",
        "total_price": "239.98"
    }
},
{
    "model": "manager.orderitem",
    "pk": 42,
    "fields": {
        "order": 18,
        "book": 2,
        "quantity": 1,
        "unit_price": "119.99",
        "total_price": "119.99"
    }
},
{
    "model": "manager.orderitem",
    "pk": 43,
    "fields": {
        "order": 18,
        "book": 4,
        "quantity": 1,
        "unit_price": "19.99",
        "total_price": "19.99"
    }
},
{
    "model": "manager.orderitem",
    "pk": 44,
    "fields": {
        "order": 18,
        "book": 3,
        "quantity": 3,
        "unit_price": "79.99",
        "total_price": "239.97"
    }
},
{
    "model": "manager.orderitem",
    "pk": 45,
    "fields": {
        "order": 19,
        "book": 1,
        "quantity": 2,
        "unit_price": "89.99",
        "total_price": "179.98"
    }
},
{
    "model": "manager.orderitem",
    "pk": 46,
    "fields": {
        "order": 19,
        "book": 4,
        "quantity": 1,
        "unit_price": "19.99",
        "total_price": "19.99"
    }
},
{
    "model": "manager.orderitem",
    "pk": 47,
    "fields": {
        "order": 19,
        "book": 3,
        "quantity": 2,
        "unit_price": "79.99",
        "total_price": "159.98"
    }
},
{
    "model": "manager.orderitem",
    "pk": 48,
    "fields": {
        "order": 19,
        "book": 2,
        "quantity": 1,
        "unit_price": "119.99",
        "total_price": "119.99"
    }
},
{
    "model": "manager.orderitem",
    "pk": 49,
    "fields": {
        "order": 20,
        "book": 1,
        "quantity": 3,
        "unit_price": "89.99",
        "total_price": "269.97"
    }
},
{
    "model": "manager.orderitem",
    "pk": 50,
    "fields": {
        "order": 20,
        "book": 3,
        "quantity": 1,
        "unit_price": "79.99",
        "total_price": "79.99"
    }
},
{
    "model": "manager.orderitem",
    "pk": 51,
    "fields": {
        "order": 21,
        "book": 2,
        "quantity": 1,
        "unit_price": "119.99",
        "total_price": "119.99"
    }
},
{
    "model": "manager.orderitem",
    "pk": 52,
    "fields": {
        "order": 21,
        "book": 1,
        "quantity": 1,
        "unit_price": "89.99",
        "total_price": "89.99"
    }
},
{
    "model": "manager.orderitem",
    "pk": 53,
    "fields": {
        "order": 21,
        "book": 3,
        "quantity": 2,
        "unit_price": "79.99",
        "total_price": "159.98"
    }
},
{
    "model": "manager.orderitem",
    "pk": 54,
    "fields": {
        "order": 22,
        "book": 2,
        "quantity": 1,
        "unit_price": "119.99",
        "total_price": "119.99"
    }
},
{
    "model": "manager.orderitem",
    "pk": 55,
    "fields": {
        "order": 22,
        "book": 3,
        "quantity": 3,
        "unit_price": "79.99",
        "total_price": "239.97"
    }
},
{
    "model": "manager.orderitem",
    "pk": 56,
    "fields": {
        "order": 22,
        "book": 1,
        "quantity": 1,
        "unit_price": "89.99",
        "total_price": "89.99"
    }
},
{
    "model": "manager.orderitem",
    "pk": 57,
    "fields": {
        "order": 22,
        "book": 4,
        "quantity": 3,
        "unit_price": "19.99",
        "total_price": "59.97"
    }
},
{
    "model": "manager.orderitem",
    "pk": 58,
    "fields": {
        "order": 23,
        "book": 4,
        "quantity": 1,
        "unit_price": "19.99",
        "total_price": "19.99"
    }
},
{
    "model": "manager.orderitem",
    "pk": 60,
    "fields": {
        "order": 28,
        "book": 2,
        "quantity": 1,
        "unit_price": "119.99",
        "total_price": "119.99"
    }
},
{
    "model": "manager.orderitem",
    "pk": 61,
    "fields": {
        "order": 29,
        "book": 4,
        "quantity": 1,
        "unit_price": "19.99",
        "total_price": "19.99"
    }
},
{
    "model": "manager.orderitem",
    "pk": 62,
    "fields": {
        "order": 30,
        "book": 7,
        "quantity": 3,
        "unit_price": "89.50",
        "total_price": "268.50"
    }
},
{
    "model": "manager.orderitem",
    "pk": 63,
    "fields": {
        "order": 30,
        "book": 1,
        "quantity": 1,
        "unit_price": "89.99",
        "total_price": "89.99"
    }
},
{
    "model": "manager.orderitem",
    "pk": 64,
    "fields": {
        "order": 30,
        "book": 16,
        "quantity": 1,
        "unit_price": "145.80",
        "total_price": "145.80"
    }
},
{
    "model": "manager.orderitem",
    "pk": 65,
    "fields": {
        "order": 30,
        "book": 13,
        "quantity": 2,
        "unit_price": "134.20",
        "total_price": "268.40"
    }
},
{
    "model": "manager.orderitem",
    "pk": 66,
    "fields": {
        "order": 31,
        "book": 14,
        "quantity": 2,
        "unit_price": "198.50",
        "total_price": "397.00"
    }
},
{
    "model": "manager.orderitem",
    "pk": 67,
    "fields": {
        "order": 31,
        "book": 12,
        "quantity": 2,
        "unit_price": "108.60",
        "total_price": "217.20"
    }
},
{
    "model": "manager.orderitem",
    "pk": 68,
    "fields": {
        "order": 32,
        "book": 13,
        "quantity": 2,
        "unit_price": "134.20",
        "total_price": "268.40"
    }
},
{
    "model": "manager.orderitem",
    "pk": 69,
    "fields": {
        "order": 32,
        "book": 10,
        "quantity": 3,
        "unit_price": "142.30",
        "total_price": "426.90"
    }
},
{
    "model": "manager.orderitem",
    "pk": 70,
    "fields": {
        "order": 32,
        "book": 14,
        "quantity": 2,
        "unit_price": "198.50",
        "total_price": "397.00"
    }
},
{
    "model": "manager.orderitem",
    "pk": 71,
    "fields": {
        "order": 33,
        "book": 3,
        "quantity": 3,
        "unit_price": "79.99",
        "total_price": "239.97"
    }
},
{
    "model": "manager.orderitem",
    "pk": 72,
    "fields": {
        "order": 33,
        "book": 14,
        "quantity": 2,
        "unit_price": "198.50",
        "total_price": "397.00"
    }
},
{
    "model": "manager.orderitem",
    "pk": 73,
    "fields": {
        "order": 34,
        "book": 9,
        "quantity": 2,
        "unit_price": "158.90",
        "total_price": "317.80"
    }
},
{
    "model": "manager.orderitem",
    "pk": 74,
    "fields": {
        "order": 34,
        "book": 2,
        "quantity": 1,
        "unit_price": "119.99",
        "total_price": "119.99"
    }
},
{
    "model": "manager.orderitem",
    "pk": 75,
    "fields": {
        "order": 34,
        "book": 1,
        "quantity": 1,
        "unit_price": "89.99",
        "total_price": "89.99"
    }
},
{
    "model": "manager.orderitem",
    "pk": 76,
    "fields": {
        "order": 34,
        "book": 3,
        "quantity": 3,
        "unit_price": "79.99",
        "total_price": "239.97"
    }
},
{
    "model": "manager.orderitem",
    "pk": 77,
    "fields": {
        "order": 35,
        "book": 3,
        "quantity": 3,
        "unit_price": "79.99",
        "total_price": "239.97"
    }
},
{
    "model": "manager.orderitem",
    "pk": 78,
    "fields": {
        "order": 36,
        "book": 3,
        "quantity": 1,
        "unit_price": "79.99",
        "total_price": "79.99"
    }
},
{
    "model": "manager.orderitem",
    "pk": 79,
    "fields": {
        "order": 37,
        "book": 15,
        "quantity": 2,
        "unit_price": "156.40",
        "total_price": "312.80"
    }
},
{
    "model": "manager.orderitem",
    "pk": 80,
    "fields": {
        "order": 38,
        "book": 16,
        "quantity": 1,
        "unit_price": "145.80",
        "total_price": "145.80"
    }
},
{
    "model": "manager.orderitem",
    "pk": 81,
    "fields": {
        "order": 38,
        "book": 12,
        "quantity": 2,
        "unit_price": "108.60",
        "total_price": "217.20"
    }
},
{
    "model": "manager.orderitem",
    "pk": 82,
    "fields": {
        "order": 38,
        "book": 14,
        "quantity": 3,
        "unit_price": "198.50",
        "total_price": "595.50"
    }
},
{
    "model": "manager.orderitem",
    "pk": 83,
    "fields": {
        "order": 39,
        "book": 7,
        "quantity": 1,
        "unit_price": "89.50",
        "total_price": "89.50"
    }
},
{
    "model": "manager.orderitem",
    "pk": 84,
    "fields": {
        "order": 39,
        "book": 9,
        "quantity": 1,
        "unit_price": "158.90",
        "total_price": "158.90"
    }
},
{
    "model": "manager.orderitem",
    "pk": 85,
    "fields": {
        "order": 39,
        "book": 14,
        "quantity": 1,
        "unit_price": "198.50",
        "total_price": "198.50"
    }
},
{
    "model": "manager.orderitem",
    "pk": 86,
    "fields": {
        "order": 40,
        "book": 7,
        "quantity": 1,
        "unit_price": "89.50",
        "total_price": "89.50"
    }
},
{
    "model": "manager.orderitem",
    "pk": 87,
    "fields": {
        "order": 40,
        "book": 16,
        "quantity": 3,
        "unit_price": "145.80",
        "total_price": "437.40"
    }
},
{
    "model": "manager.orderitem",
    "pk": 88,
    "fields": {
        "order": 40,
        "book": 14,
        "quantity": 1,
        "unit_price": "198.50",
        "total_price": "198.50"
    }
},
{
    "model": "manager.orderitem",
    "pk": 89,
    "fields": {
        "order": 41,
        "book": 2,
        "quantity": 1,
        "unit_price": "119.99",
        "total_price": "119.99"
    }
},
{
    "model": "manager.orderitem",
    "pk": 90,
    "fields": {
        "order": 41,
        "book": 15,
        "quantity": 3,
        "unit_price": "156.40",
        "total_price": "469.20"
    }
},
{
    "model": "manager.orderitem",
    "pk": 91,
    "fields": {
        "order": 41,
        "book": 1,
        "quantity": 1,
        "unit_price": "89.99",
        "total_price": "89.99"
    }
},
{
    "model": "manager.orderitem",
    "pk": 92,
    "fields": {
        "order": 41,
        "book": 11,
        "quantity": 3,
        "unit_price": "168.70",
        "total_price": "506.10"
    }
},
{
    "model": "manager.orderitem",
    "pk": 93,
    "fields": {
        "order": 42,
        "book": 2,
        "quantity": 1,
        "unit_price": "119.99",
        "total_price": "119.99"
    }
},
{
    "model": "manager.orderitem",
    "pk": 94,
    "fields": {
        "order": 42,
        "book": 10,
        "quantity": 1,
        "unit_price": "142.30",
        "total_price": "142.30"
    }
},
{
    "model": "manager.orderitem",
    "pk": 95,
    "fields": {
        "order": 42,
        "book": 3,
        "quantity": 3,
        "unit_price": "79.99",
        "total_price": "239.97"
    }
},
{
    "model": "manager.orderitem",
    "pk": 96,
    "fields": {
        "order": 42,
        "book": 14,
        "quantity": 2,
        "unit_price": "198.50",
        "total_price": "397.00"
    }
},
{
    "model": "manager.orderitem",
    "pk": 97,
    "fields": {
        "order": 43,
        "book": 16,
        "quantity": 2,
        "unit_price": "145.80",
        "total_price": "291.60"
    }
},
{
    "model": "manager.orderitem",
    "pk": 98,
    "fields": {
        "order": 44,
        "book": 7,
        "quantity": 1,
        "unit_price": "89.50",
        "total_price": "89.50"
    }
},
{
    "model": "manager.orderitem",
    "pk": 99,
    "fields": {
        "order": 44,
        "book": 14,
        "quantity": 2,
        "unit_price": "198.50",
        "total_price": "397.00"
    }
},
{
    "model": "manager.orderitem",
    "pk": 100,
    "fields": {
        "order": 44,
        "book": 10,
        "quantity": 1,
        "unit_price": "142.30",
        "total_price": "142.30"
    }
},
{
    "model": "manager.orderitem",
    "pk": 101,
    "fields": {
        "order": 44,
        "book": 1,
        "quantity": 3,
        "unit_price": "89.99",
        "total_price": "269.97"
    }
},
{
    "model": "manager.orderitem",
    "pk": 102,
    "fields": {
        "order": 45,
        "book": 3,
        "quantity": 3,
        "unit_price": "79.99",
        "total_price": "239.97"
    }
},
{
    "model": "manager.orderitem",
    "pk": 103,
    "fields": {
        "order": 45,
        "book": 8,
        "quantity": 2,
        "unit_price": "126.80",
        "total_price": "253.60"
    }
},
{
    "model": "manager.orderitem",
    "pk": 104,
    "fields": {
        "order": 45,
        "book": 11,
        "quantity": 2,
        "unit_price": "168.70",
        "total_price": "337.40"
    }
},
{
    "model": "manager.orderitem",
    "pk": 105,
    "fields": {
        "order": 46,
        "book": 4,
        "quantity": 3,
        "unit_price": "19.99",
        "total_price": "59.97"
    }
},
{
    "model": "manager.orderitem",
    "pk": 106,
    "fields": {
        "order": 46,
        "book": 7,
        "quantity": 1,
        "unit_price": "89.50",
        "total_price": "89.50"
    }
},
{
    "model": "manager.orderitem",
    "pk": 107,
    "fields": {
        "order": 47,
        "book": 15,
        "quantity": 3,
        "unit_price": "156.40",
        "total_price": "469.20"
    }
},
{
    "model": "manager.orderitem",
    "pk": 108,
    "fields": {
        "order": 47,
        "book": 8,
        "quantity": 3,
        "unit_price": "126.80",
        "total_price": "380.40"
    }
},
{
    "model": "manager.orderitem",
    "pk": 109,
    "fields": {
        "order": 48,
        "book": 11,
        "quantity": 1,
        "unit_price": "168.70",
        "total_price": "168.70"
    }
},
{
    "model": "manager.orderitem",
    "pk": 110,
    "fields": {
        "order": 49,
        "book": 2,
        "quantity": 1,
        "unit_price": "119.99",
        "total_price": "119.99"
    }
},
{
    "model": "manager.orderitem",
    "pk": 111,
    "fields": {
        "order": 49,
        "book": 15,
        "quantity": 3,
        "unit_price": "156.40",
        "total_price": "469.20"
    }
},
{
    "model": "manager.orderitem",
    "pk": 112,
    "fields": {
        "order": 49,
        "book": 8,
        "quantity": 1,
        "unit_price": "126.80",
        "total_price": "126.80"
    }
},
{
    "model": "manager.orderitem",
    "pk": 114,
    "fields": {
        "order": 51,
        "book": 4,
        "quantity": 2,
        "unit_price": "19.99",
        "total_price": "39.98"
    }
},
{
    "model": "manager.orderitem",
    "pk": 115,
    "fields": {
        "order": 52,
        "book": 4,
        "quantity": 1,
        "unit_price": "19.99",
        "total_price": "19.99"
    }
},
{
    "model": "manager.orderitem",
    "pk": 116,
    "fields": {
        "order": 53,
        "book": 4,
        "quantity": 1,
        "unit_price": "6.99",
        "total_price": "6.99"
    }
},
{
    "model": "manager.orderitem",
    "pk": 117,
    "fields": {
        "order": 53,
        "book": 2,
        "quantity": 1,
        "unit_price": "6.99",
        "total_price": "6.99"
    }
},
{
    "model": "manager.orderitem",
    "pk": 118,
    "fields": {
        "order": 54,
        "book": 2,
        "quantity": 1,
        "unit_price": "6.99",
        "total_price": "6.99"
    }
},
{
    "model": "manager.orderitem",
    "pk": 119,
    "fields": {
        "order": 55,
        "book": 4,
        "quantity": 1,
        "unit_price": "6.99",
        "total_price": "6.99"
    }
},
{
    "model": "manager.orderitem",
    "pk": 120,
    "fields": {
        "order": 56,
        "book": 4,
        "quantity": 1,
        "unit_price": "6.99",
        "total_price": "6.99"
    }
},
{
    "model": "manager.orderitem",
    "pk": 121,
    "fields": {
        "order": 57,
        "book": 2,
        "quantity": 1,
        "unit_price": "6.99",
        "total_price": "6.99"
    }
},
{
    "model": "manager.cartitem",
    "pk": 31,
    "fields": {
        "session_key": "9ptykn5es4ztbec297lu3e146nd2g25z",
        "book": 4,
        "quantity": 5,
        "created_at": "2025-05-29T18:00:46.933Z",
        "updated_at": "2025-05-29T18:00:46.933Z"
    }
},
{
    "model": "manager.cartitem",
    "pk": 43,
    "fields": {
        "session_key": "trqiy8gvigv9u7gad8b2myvdgitwgwkp",
        "book": 9,
        "quantity": 1,
        "created_at": "2025-10-01T17:21:13.158Z",
        "updated_at": "2025-10-01T17:21:13.158Z"
    }
},
{
    "model": "manager.cartitem",
    "pk": 55,
    "fields": {
        "session_key": "8bjz0biy3ynu4mi6s1xhia3w4a1gjt4u",
        "book": 10,
        "quantity": 1,
        "created_at": "2025-10-24T17:18:25.778Z",
        "updated_at": "2025-10-24T17:18:25.778Z"
    }
},
{
    "model": "manager.ordernotification",
    "pk": 1,
    "fields": {
        "order": 19,
        "notification_type": "payment_status_change",
        "message": "Ķ«óÕŹĢ ORD20250528231714EBAFB1CC µö»õ╗śµłÉÕŖ¤",
        "details": {
            "timestamp": "2025-05-28T15:18:51.508993+00:00",
            "new_status": "paid",
            "old_status": "pending",
            "order_number": "ORD20250528231714EBAFB1CC",
            "total_amount": "479.94",
            "customer_name": "ķÆ▒õĖā"
        },
        "is_read": false,
        "created_at": "2025-05-28T15:18:51.509Z"
    }
},
{
    "model": "manager.ordernotification",
    "pk": 2,
    "fields": {
        "order": 19,
        "notification_type": "payment_status_change",
        "message": "Ķ«óÕŹĢ ORD20250528231714EBAFB1CC ÕĘ▓ķĆĆµ¼Š",
        "details": {
            "timestamp": "2025-05-28T15:18:55.614005+00:00",
            "new_status": "refunded",
            "old_status": "paid",
            "order_number": "ORD20250528231714EBAFB1CC",
            "total_amount": "479.94",
            "customer_name": "ķÆ▒õĖā"
        },
        "is_read": false,
        "created_at": "2025-05-28T15:18:55.614Z"
    }
},
{
    "model": "manager.ordernotification",
    "pk": 3,
    "fields": {
        "order": 26,
        "notification_type": "payment_status_change",
        "message": "Ķ«óÕŹĢ 26594736 µö»õ╗śńŖČµĆüõ╗Ä completed ÕÅśµø┤õĖ║ pending",
        "details": {
            "timestamp": "2025-05-29T02:28:40.997604+00:00",
            "new_status": "pending",
            "old_status": "completed",
            "order_number": "26594736",
            "total_amount": "238.50",
            "customer_name": "ńÄŗõ║ö"
        },
        "is_read": false,
        "created_at": "2025-05-29T02:28:40.997Z"
    }
}
]
