--
-- PostgreSQL database dump
--

-- Dumped from database version 17.5
-- Dumped by pg_dump version 17.5

SET statement_timeout = 0;
SET lock_timeout = 0;
SET idle_in_transaction_session_timeout = 0;
SET transaction_timeout = 0;
SET client_encoding = 'UTF8';
SET standard_conforming_strings = on;
SELECT pg_catalog.set_config('search_path', '', false);
SET check_function_bodies = false;
SET xmloption = content;
SET client_min_messages = warning;
SET row_security = off;

SET default_tablespace = '';

SET default_table_access_method = heap;

--
-- Name: marketplace_cart_item; Type: TABLE; Schema: public; Owner: -
--

CREATE TABLE public.marketplace_cart_item (
    id bigint NOT NULL,
    session_key character varying(40) NOT NULL,
    item_type character varying(20) NOT NULL,
    item_id integer NOT NULL,
    quantity integer NOT NULL,
    created_at timestamp with time zone NOT NULL,
    updated_at timestamp with time zone NOT NULL,
    selected_attributes jsonb NOT NULL,
    CONSTRAINT marketplace_cart_item_item_id_check CHECK ((item_id >= 0)),
    CONSTRAINT marketplace_cart_item_quantity_check CHECK ((quantity >= 0))
);


--
-- Name: marketplace_cart_item_id_seq; Type: SEQUENCE; Schema: public; Owner: -
--

ALTER TABLE public.marketplace_cart_item ALTER COLUMN id ADD GENERATED BY DEFAULT AS IDENTITY (
    SEQUENCE NAME public.marketplace_cart_item_id_seq
    START WITH 1
    INCREMENT BY 1
    NO MINVALUE
    NO MAXVALUE
    CACHE 1
);


--
-- Name: marketplace_category; Type: TABLE; Schema: public; Owner: -
--

CREATE TABLE public.marketplace_category (
    id bigint NOT NULL,
    name character varying(100) NOT NULL,
    name_en character varying(100) NOT NULL,
    slug character varying(120) NOT NULL,
    description text NOT NULL,
    image character varying(100),
    section character varying(20) NOT NULL,
    display_order integer NOT NULL,
    is_active boolean NOT NULL,
    created_at timestamp with time zone NOT NULL,
    parent_id bigint
);


--
-- Name: marketplace_category_id_seq; Type: SEQUENCE; Schema: public; Owner: -
--

ALTER TABLE public.marketplace_category ALTER COLUMN id ADD GENERATED BY DEFAULT AS IDENTITY (
    SEQUENCE NAME public.marketplace_category_id_seq
    START WITH 1
    INCREMENT BY 1
    NO MINVALUE
    NO MAXVALUE
    CACHE 1
);


--
-- Name: marketplace_course; Type: TABLE; Schema: public; Owner: -
--

CREATE TABLE public.marketplace_course (
    id bigint NOT NULL,
    title character varying(200) NOT NULL,
    title_en character varying(200) NOT NULL,
    slug character varying(220) NOT NULL,
    description text NOT NULL,
    price numeric(10,2) NOT NULL,
    original_price numeric(10,2),
    image character varying(100),
    instructor character varying(100) NOT NULL,
    duration_hours numeric(6,1) NOT NULL,
    lessons_count integer NOT NULL,
    level character varying(20) NOT NULL,
    language character varying(50) NOT NULL,
    preview_url character varying(200) NOT NULL,
    is_featured boolean NOT NULL,
    is_active boolean NOT NULL,
    enrollment_count integer NOT NULL,
    rating numeric(3,1) NOT NULL,
    created_at timestamp with time zone NOT NULL,
    updated_at timestamp with time zone NOT NULL,
    category_id bigint,
    vendor_id bigint,
    CONSTRAINT marketplace_course_enrollment_count_check CHECK ((enrollment_count >= 0)),
    CONSTRAINT marketplace_course_lessons_count_check CHECK ((lessons_count >= 0))
);


--
-- Name: marketplace_course_id_seq; Type: SEQUENCE; Schema: public; Owner: -
--

ALTER TABLE public.marketplace_course ALTER COLUMN id ADD GENERATED BY DEFAULT AS IDENTITY (
    SEQUENCE NAME public.marketplace_course_id_seq
    START WITH 1
    INCREMENT BY 1
    NO MINVALUE
    NO MAXVALUE
    CACHE 1
);


--
-- Name: marketplace_course_lesson; Type: TABLE; Schema: public; Owner: -
--

CREATE TABLE public.marketplace_course_lesson (
    id bigint NOT NULL,
    title character varying(200) NOT NULL,
    title_en character varying(200) NOT NULL,
    description text NOT NULL,
    video_url character varying(200) NOT NULL,
    duration_minutes integer NOT NULL,
    "order" integer NOT NULL,
    is_free boolean NOT NULL,
    pdf_file character varying(100),
    created_at timestamp with time zone NOT NULL,
    section_id bigint NOT NULL,
    video_file character varying(100),
    CONSTRAINT marketplace_course_lesson_duration_minutes_check CHECK ((duration_minutes >= 0)),
    CONSTRAINT marketplace_course_lesson_order_check CHECK (("order" >= 0))
);


--
-- Name: marketplace_course_lesson_id_seq; Type: SEQUENCE; Schema: public; Owner: -
--

ALTER TABLE public.marketplace_course_lesson ALTER COLUMN id ADD GENERATED BY DEFAULT AS IDENTITY (
    SEQUENCE NAME public.marketplace_course_lesson_id_seq
    START WITH 1
    INCREMENT BY 1
    NO MINVALUE
    NO MAXVALUE
    CACHE 1
);


--
-- Name: marketplace_course_progress; Type: TABLE; Schema: public; Owner: -
--

CREATE TABLE public.marketplace_course_progress (
    id bigint NOT NULL,
    session_key character varying(40) NOT NULL,
    completed boolean NOT NULL,
    completed_at timestamp with time zone,
    created_at timestamp with time zone NOT NULL,
    course_id bigint NOT NULL,
    lesson_id bigint NOT NULL
);


--
-- Name: marketplace_course_progress_id_seq; Type: SEQUENCE; Schema: public; Owner: -
--

ALTER TABLE public.marketplace_course_progress ALTER COLUMN id ADD GENERATED BY DEFAULT AS IDENTITY (
    SEQUENCE NAME public.marketplace_course_progress_id_seq
    START WITH 1
    INCREMENT BY 1
    NO MINVALUE
    NO MAXVALUE
    CACHE 1
);


--
-- Name: marketplace_course_section; Type: TABLE; Schema: public; Owner: -
--

CREATE TABLE public.marketplace_course_section (
    id bigint NOT NULL,
    title character varying(200) NOT NULL,
    title_en character varying(200) NOT NULL,
    "order" integer NOT NULL,
    created_at timestamp with time zone NOT NULL,
    course_id bigint NOT NULL,
    CONSTRAINT marketplace_course_section_order_check CHECK (("order" >= 0))
);


--
-- Name: marketplace_course_section_id_seq; Type: SEQUENCE; Schema: public; Owner: -
--

ALTER TABLE public.marketplace_course_section ALTER COLUMN id ADD GENERATED BY DEFAULT AS IDENTITY (
    SEQUENCE NAME public.marketplace_course_section_id_seq
    START WITH 1
    INCREMENT BY 1
    NO MINVALUE
    NO MAXVALUE
    CACHE 1
);


--
-- Name: marketplace_order; Type: TABLE; Schema: public; Owner: -
--

CREATE TABLE public.marketplace_order (
    id bigint NOT NULL,
    order_number character varying(32) NOT NULL,
    user_id integer,
    user_email character varying(254) NOT NULL,
    user_name character varying(100) NOT NULL,
    status character varying(20) NOT NULL,
    total_amount numeric(12,2) NOT NULL,
    shipping_address text NOT NULL,
    notes text NOT NULL,
    created_at timestamp with time zone NOT NULL,
    updated_at timestamp with time zone NOT NULL,
    admin_notes text NOT NULL,
    country character varying(50) NOT NULL,
    customer_notes text NOT NULL,
    customer_phone character varying(20) NOT NULL,
    payment_completed_at timestamp with time zone,
    payment_method character varying(20) NOT NULL,
    payment_status character varying(20) NOT NULL,
    payment_transaction_id character varying(100)
);


--
-- Name: marketplace_order_id_seq; Type: SEQUENCE; Schema: public; Owner: -
--

ALTER TABLE public.marketplace_order ALTER COLUMN id ADD GENERATED BY DEFAULT AS IDENTITY (
    SEQUENCE NAME public.marketplace_order_id_seq
    START WITH 1
    INCREMENT BY 1
    NO MINVALUE
    NO MAXVALUE
    CACHE 1
);


--
-- Name: marketplace_order_item; Type: TABLE; Schema: public; Owner: -
--

CREATE TABLE public.marketplace_order_item (
    id bigint NOT NULL,
    item_type character varying(20) NOT NULL,
    item_id integer NOT NULL,
    item_name character varying(200) NOT NULL,
    item_image character varying(500) NOT NULL,
    quantity integer NOT NULL,
    unit_price numeric(10,2) NOT NULL,
    subtotal numeric(12,2) NOT NULL,
    order_id bigint NOT NULL,
    selected_attributes jsonb NOT NULL,
    CONSTRAINT marketplace_order_item_item_id_check CHECK ((item_id >= 0)),
    CONSTRAINT marketplace_order_item_quantity_check CHECK ((quantity >= 0))
);


--
-- Name: marketplace_order_item_id_seq; Type: SEQUENCE; Schema: public; Owner: -
--

ALTER TABLE public.marketplace_order_item ALTER COLUMN id ADD GENERATED BY DEFAULT AS IDENTITY (
    SEQUENCE NAME public.marketplace_order_item_id_seq
    START WITH 1
    INCREMENT BY 1
    NO MINVALUE
    NO MAXVALUE
    CACHE 1
);


--
-- Name: marketplace_product; Type: TABLE; Schema: public; Owner: -
--

CREATE TABLE public.marketplace_product (
    id bigint NOT NULL,
    name character varying(200) NOT NULL,
    name_en character varying(200) NOT NULL,
    slug character varying(220) NOT NULL,
    description text NOT NULL,
    price numeric(10,2) NOT NULL,
    original_price numeric(10,2),
    image character varying(100),
    image_2 character varying(100),
    image_3 character varying(100),
    stock integer NOT NULL,
    sku character varying(50) NOT NULL,
    brand character varying(100) NOT NULL,
    condition character varying(20) NOT NULL,
    weight numeric(8,2),
    is_featured boolean NOT NULL,
    is_active boolean NOT NULL,
    sales_count integer NOT NULL,
    views_count integer NOT NULL,
    created_at timestamp with time zone NOT NULL,
    updated_at timestamp with time zone NOT NULL,
    category_id bigint,
    vendor_id bigint,
    CONSTRAINT marketplace_product_sales_count_check CHECK ((sales_count >= 0)),
    CONSTRAINT marketplace_product_stock_check CHECK ((stock >= 0)),
    CONSTRAINT marketplace_product_views_count_check CHECK ((views_count >= 0))
);


--
-- Name: marketplace_product_attribute; Type: TABLE; Schema: public; Owner: -
--

CREATE TABLE public.marketplace_product_attribute (
    id bigint NOT NULL,
    name character varying(100) NOT NULL,
    value character varying(255) NOT NULL,
    product_id bigint NOT NULL
);


--
-- Name: marketplace_product_attribute_id_seq; Type: SEQUENCE; Schema: public; Owner: -
--

ALTER TABLE public.marketplace_product_attribute ALTER COLUMN id ADD GENERATED BY DEFAULT AS IDENTITY (
    SEQUENCE NAME public.marketplace_product_attribute_id_seq
    START WITH 1
    INCREMENT BY 1
    NO MINVALUE
    NO MAXVALUE
    CACHE 1
);


--
-- Name: marketplace_product_id_seq; Type: SEQUENCE; Schema: public; Owner: -
--

ALTER TABLE public.marketplace_product ALTER COLUMN id ADD GENERATED BY DEFAULT AS IDENTITY (
    SEQUENCE NAME public.marketplace_product_id_seq
    START WITH 1
    INCREMENT BY 1
    NO MINVALUE
    NO MAXVALUE
    CACHE 1
);


--
-- Name: marketplace_supermarket_item; Type: TABLE; Schema: public; Owner: -
--

CREATE TABLE public.marketplace_supermarket_item (
    id bigint NOT NULL,
    name character varying(200) NOT NULL,
    name_en character varying(200) NOT NULL,
    slug character varying(220) NOT NULL,
    description text NOT NULL,
    price numeric(10,2) NOT NULL,
    original_price numeric(10,2),
    image character varying(100),
    stock integer NOT NULL,
    unit character varying(20) NOT NULL,
    brand character varying(100) NOT NULL,
    origin character varying(100) NOT NULL,
    is_organic boolean NOT NULL,
    is_featured boolean NOT NULL,
    is_active boolean NOT NULL,
    sales_count integer NOT NULL,
    created_at timestamp with time zone NOT NULL,
    updated_at timestamp with time zone NOT NULL,
    category_id bigint,
    CONSTRAINT marketplace_supermarket_item_sales_count_check CHECK ((sales_count >= 0)),
    CONSTRAINT marketplace_supermarket_item_stock_check CHECK ((stock >= 0))
);


--
-- Name: marketplace_supermarket_item_attribute; Type: TABLE; Schema: public; Owner: -
--

CREATE TABLE public.marketplace_supermarket_item_attribute (
    id bigint NOT NULL,
    name character varying(100) NOT NULL,
    value character varying(255) NOT NULL,
    item_id bigint NOT NULL
);


--
-- Name: marketplace_supermarket_item_attribute_id_seq; Type: SEQUENCE; Schema: public; Owner: -
--

ALTER TABLE public.marketplace_supermarket_item_attribute ALTER COLUMN id ADD GENERATED BY DEFAULT AS IDENTITY (
    SEQUENCE NAME public.marketplace_supermarket_item_attribute_id_seq
    START WITH 1
    INCREMENT BY 1
    NO MINVALUE
    NO MAXVALUE
    CACHE 1
);


--
-- Name: marketplace_supermarket_item_id_seq; Type: SEQUENCE; Schema: public; Owner: -
--

ALTER TABLE public.marketplace_supermarket_item ALTER COLUMN id ADD GENERATED BY DEFAULT AS IDENTITY (
    SEQUENCE NAME public.marketplace_supermarket_item_id_seq
    START WITH 1
    INCREMENT BY 1
    NO MINVALUE
    NO MAXVALUE
    CACHE 1
);


--
-- Data for Name: marketplace_cart_item; Type: TABLE DATA; Schema: public; Owner: -
--

COPY public.marketplace_cart_item (id, session_key, item_type, item_id, quantity, created_at, updated_at, selected_attributes) FROM stdin;
1	col8bwbx1vwbfgy9k859likg45xhz6ie	product	1	2	2026-03-31 13:32:36.742746+08	2026-03-31 13:32:36.743747+08	{}
15	q4luyqbdxzwwhly2xtbaljj1lexhpogd	product	8	1	2026-03-31 17:12:42.566833+08	2026-03-31 17:12:42.566845+08	{}
\.


--
-- Data for Name: marketplace_category; Type: TABLE DATA; Schema: public; Owner: -
--

COPY public.marketplace_category (id, name, name_en, slug, description, image, section, display_order, is_active, created_at, parent_id) FROM stdin;
1	电子产品	Electronics	electronics	Latest electronics and gadgets		products	1	t	2026-03-31 01:46:02.599397+08	\N
2	配件	Accessories	accessories	Phone and computer accessories		products	2	t	2026-03-31 01:46:02.612118+08	\N
3	文具	Stationery	stationery	Office and school supplies		products	3	t	2026-03-31 01:46:02.613176+08	\N
4	编程开发	Programming	programming	Learn to code		courses	1	t	2026-03-31 01:46:02.61409+08	\N
5	设计创意	Design	design	Creative design courses		courses	2	t	2026-03-31 01:46:02.614905+08	\N
6	商业管理	Business	business	Business and management courses		courses	3	t	2026-03-31 01:46:02.615802+08	\N
7	语言学习	Languages	languages	Language learning courses		courses	4	t	2026-03-31 01:46:02.616674+08	\N
8	水果	Fruits	fruits	Fresh fruits		supermarket	1	t	2026-03-31 01:46:02.617551+08	\N
9	饮品	Beverages	beverages	Drinks and beverages		supermarket	2	t	2026-03-31 01:46:02.618335+08	\N
10	零食	Snacks	snacks	Snacks and treats		supermarket	3	t	2026-03-31 01:46:02.619207+08	\N
11	乳制品	Dairy	dairy	Milk and dairy products		supermarket	4	t	2026-03-31 01:46:02.619877+08	\N
\.


--
-- Data for Name: marketplace_course; Type: TABLE DATA; Schema: public; Owner: -
--

COPY public.marketplace_course (id, title, title_en, slug, description, price, original_price, image, instructor, duration_hours, lessons_count, level, language, preview_url, is_featured, is_active, enrollment_count, rating, created_at, updated_at, category_id, vendor_id) FROM stdin;
3	UI/UX 设计大师课	UI/UX Design Masterclass	ui-ux-design-masterclass	学习专业UI/UX设计流程，包括用户研究、线框图、原型设计、设计系统和可用性测试。使用Figma实战。	259.00	499.00	marketplace/courses/ui-ux-design-masterclass.jpg	李雅琪	32.0	68	all	中文		t	t	980	4.9	2026-03-31 01:46:02.641672+08	2026-03-31 12:29:28.436919+08	5	\N
2	React + Next.js 现代前端	Modern Frontend with React & Next.js	react-nextjs-modern-frontend	深入学习React和Next.js，掌握组件设计、状态管理、SSR/SSG、API路由等现代前端开发技术。	399.00	699.00	marketplace/courses/react-nextjs-modern-frontend.jpg	David Chen	36.0	85	intermediate	中文/English		t	t	1560	4.7	2026-03-31 01:46:02.640559+08	2026-03-31 12:29:38.991573+08	4	\N
1	Python 全栈开发	Python Full Stack Development	python-full-stack-development	从零开始学习Python全栈开发，涵盖Django、Flask、数据库设计、前端技术和部署。适合初学者和有一定基础的开发者。	299.00	599.00	marketplace/courses/python-full-stack-development.jpg	张明教授	48.5	120	beginner	中文		t	t	2340	4.8	2026-03-31 01:46:02.637774+08	2026-03-31 12:29:51.061111+08	4	\N
5	商务英语精进	Business English Advanced	business-english-advanced	提升商务英语沟通能力，涵盖邮件写作、会议主持、演讲技巧和谈判用语。	179.00	349.00	marketplace/courses/business-english-advanced.jpg	Sarah Williams	20.0	40	intermediate	English/中文		t	t	1230	4.6	2026-03-31 01:46:02.643824+08	2026-03-31 12:32:26.258014+08	7	\N
6	数据科学与机器学习	Data Science & Machine Learning	data-science-machine-learning	使用Python进行数据分析和机器学习。涵盖NumPy、Pandas、Scikit-learn、TensorFlow。	499.00	799.00	marketplace/courses/data-science-machine-learning.jpg	刘博士	56.0	140	advanced	中文		f	t	890	4.7	2026-03-31 01:46:02.645002+08	2026-03-31 12:28:57.140526+08	4	\N
4	数字营销实战	Digital Marketing in Practice	digital-marketing-practice	全面掌握数字营销策略，包括SEO、SEM、社交媒体营销、内容营销和数据分析。	199.00	399.00	marketplace/courses/digital-marketing-practice.jpg	王晓明	24.0	52	beginner	中文		f	t	750	4.5	2026-03-31 01:46:02.642705+08	2026-03-31 12:29:18.179268+08	6	\N
\.


--
-- Data for Name: marketplace_course_lesson; Type: TABLE DATA; Schema: public; Owner: -
--

COPY public.marketplace_course_lesson (id, title, title_en, description, video_url, duration_minutes, "order", is_free, pdf_file, created_at, section_id, video_file) FROM stdin;
2	NumPy 数组操作		Work with numerical arrays using NumPy.		20	2	f		2026-03-31 13:18:17.809615+08	1	\N
3	Pandas 数据处理		Load, clean, and transform data with Pandas.		25	3	f		2026-03-31 13:18:17.811099+08	1	\N
4	Matplotlib 基础绘图		Create charts and plots with Matplotlib.		22	1	f		2026-03-31 13:18:17.813674+08	2	\N
5	Seaborn 高级图表		Build beautiful statistical visualizations.		18	2	f		2026-03-31 13:18:17.814928+08	2	\N
6	交互式可视化 Plotly		Create interactive dashboards with Plotly.		20	3	f		2026-03-31 13:18:17.816835+08	2	\N
7	商务场景自我介绍		Master professional self-introductions in English.		12	1	t		2026-03-31 13:18:17.821361+08	3	\N
8	邮件写作技巧		Write clear and professional business emails.		18	2	f		2026-03-31 13:18:17.823296+08	3	\N
9	电话沟通用语		Handle phone calls professionally in English.		15	3	f		2026-03-31 13:18:17.824628+08	3	\N
10	会议主持与参与		Lead and participate effectively in English meetings.		20	1	f		2026-03-31 13:18:17.827143+08	4	\N
11	谈判策略与表达		Negotiation strategies and key phrases.		22	2	f		2026-03-31 13:18:17.828452+08	4	\N
12	商务演讲技巧		Deliver impactful business presentations.		25	3	f		2026-03-31 13:18:17.829624+08	4	\N
13	课程概览		Overview of what you will learn in this course.		10	1	t		2026-03-31 13:18:17.833385+08	5	\N
14	学习方法指导		Tips and strategies for effective learning.		8	2	f		2026-03-31 13:18:17.8345+08	5	\N
15	第一课: 基础概念		Fundamental concepts and terminology.		20	1	f		2026-03-31 13:18:17.83667+08	6	\N
16	第二课: 实战练习		Hands-on exercises and practice.		25	2	f		2026-03-31 13:18:17.837582+08	6	\N
17	第三课: 进阶技巧		Advanced techniques and best practices.		22	3	f		2026-03-31 13:18:17.838669+08	6	\N
18	课程概览		Overview of what you will learn in this course.		10	1	t		2026-03-31 13:18:17.842022+08	7	\N
19	学习方法指导		Tips and strategies for effective learning.		8	2	f		2026-03-31 13:18:17.843231+08	7	\N
20	第一课: 基础概念		Fundamental concepts and terminology.		20	1	f		2026-03-31 13:18:17.845214+08	8	\N
21	第二课: 实战练习		Hands-on exercises and practice.		25	2	f		2026-03-31 13:18:17.846224+08	8	\N
22	第三课: 进阶技巧		Advanced techniques and best practices.		22	3	f		2026-03-31 13:18:17.847104+08	8	\N
23	课程概览		Overview of what you will learn in this course.		10	1	t		2026-03-31 13:18:17.850149+08	9	\N
24	学习方法指导		Tips and strategies for effective learning.		8	2	f		2026-03-31 13:18:17.851154+08	9	\N
25	第一课: 基础概念		Fundamental concepts and terminology.		20	1	f		2026-03-31 13:18:17.852903+08	10	\N
26	第二课: 实战练习		Hands-on exercises and practice.		25	2	f		2026-03-31 13:18:17.85403+08	10	\N
27	第三课: 进阶技巧		Advanced techniques and best practices.		22	3	f		2026-03-31 13:18:17.855091+08	10	\N
28	Python 安装与环境配置		Learn how to install Python and set up your development environment.		15	1	t		2026-03-31 13:18:17.858286+08	11	\N
29	第一个 Python 程序		Write and run your first Python script — Hello World!		12	2	t		2026-03-31 13:18:17.859247+08	11	\N
30	变量与数据类型		Understanding variables, strings, integers, floats, and booleans.		20	3	f		2026-03-31 13:18:17.860179+08	11	\N
31	条件判断 if/elif/else		Master conditional statements for decision making in code.		18	1	f		2026-03-31 13:18:17.862058+08	12	\N
32	循环 for 和 while		Iterate over data with for loops and while loops.		22	2	f		2026-03-31 13:18:17.863034+08	12	\N
33	函数定义与参数		Define reusable functions with parameters and return values.		25	3	f		2026-03-31 13:18:17.864007+08	12	\N
34	列表与元组		Work with lists and tuples for storing collections of data.		20	1	f		2026-03-31 13:18:17.866324+08	13	\N
35	字典与集合		Use dictionaries and sets for efficient data management.		18	2	f		2026-03-31 13:18:17.867631+08	13	\N
36	文件读写操作		Read from and write to files using Python.		15	3	f		2026-03-31 13:18:17.86876+08	13	\N
1	数据分析概论		Overview of data analysis workflow and tools.		15	1	t	marketplace/course_pdfs/paiement.pdf	2026-03-31 13:18:17.806636+08	1	marketplace/course_videos/netflix.mp4
\.


--
-- Data for Name: marketplace_course_progress; Type: TABLE DATA; Schema: public; Owner: -
--

COPY public.marketplace_course_progress (id, session_key, completed, completed_at, created_at, course_id, lesson_id) FROM stdin;
1	oao85s7p7y7180iscbp6717bfh1yb5lc	t	2026-03-31 13:32:55.191531+08	2026-03-31 13:32:55.18637+08	6	1
2	q4luyqbdxzwwhly2xtbaljj1lexhpogd	t	2026-03-31 13:58:23.68976+08	2026-03-31 13:58:22.494396+08	6	1
\.


--
-- Data for Name: marketplace_course_section; Type: TABLE DATA; Schema: public; Owner: -
--

COPY public.marketplace_course_section (id, title, title_en, "order", created_at, course_id) FROM stdin;
1	数据分析基础	Data Analysis Basics	1	2026-03-31 13:18:17.801518+08	6
2	数据可视化	Data Visualization	2	2026-03-31 13:18:17.81243+08	6
3	商务英语基础	Business English Basics	1	2026-03-31 13:18:17.82003+08	5
4	高级商务沟通	Advanced Business Communication	2	2026-03-31 13:18:17.825806+08	5
5	课程介绍	Course Introduction	1	2026-03-31 13:18:17.832018+08	4
6	核心内容	Core Content	2	2026-03-31 13:18:17.835553+08	4
7	课程介绍	Course Introduction	1	2026-03-31 13:18:17.84094+08	3
8	核心内容	Core Content	2	2026-03-31 13:18:17.844232+08	3
9	课程介绍	Course Introduction	1	2026-03-31 13:18:17.849192+08	2
10	核心内容	Core Content	2	2026-03-31 13:18:17.852025+08	2
11	Python 基础入门	Python Basics	1	2026-03-31 13:18:17.8572+08	1
12	控制流与函数	Control Flow & Functions	2	2026-03-31 13:18:17.861158+08	1
13	数据结构与文件操作	Data Structures & Files	3	2026-03-31 13:18:17.865034+08	1
\.


--
-- Data for Name: marketplace_order; Type: TABLE DATA; Schema: public; Owner: -
--

COPY public.marketplace_order (id, order_number, user_id, user_email, user_name, status, total_amount, shipping_address, notes, created_at, updated_at, admin_notes, country, customer_notes, customer_phone, payment_completed_at, payment_method, payment_status, payment_transaction_id) FROM stdin;
3	MKT20260331FC7F36	\N	contact@bizkeyz.com	Zeke Zikey	shipped	59.00			2026-03-31 16:54:14.126126+08	2026-03-31 17:34:57.959086+08		China		18506959673	\N	alipay	pending	\N
2	MKT20260331EEEE11	\N	contact@bizkeyz.com	Zeke Zikey	cancelled	259.00			2026-03-31 16:31:41.872457+08	2026-03-31 17:37:23.706566+08		China			\N	wechat_pay	cancelled	\N
4	MKT20260331EE1BE6	\N	espoirmoukendi@gmail.com	Espoir	processing	59.00			2026-03-31 20:50:43.918245+08	2026-03-31 20:50:43.918254+08		China		3671309752	\N	alipay	pending	\N
\.


--
-- Data for Name: marketplace_order_item; Type: TABLE DATA; Schema: public; Owner: -
--

COPY public.marketplace_order_item (id, item_type, item_id, item_name, item_image, quantity, unit_price, subtotal, order_id, selected_attributes) FROM stdin;
2	product	7	USB-C 扩展坞	/media/marketplace/products/usb-c-docking-station_1.jpg	1	259.00	259.00	2	{}
3	product	9	robe	/media/marketplace/products/Weixin_Image_20240621201440.jpg	1	59.00	59.00	3	{}
4	product	9	robe 衣服	/media/marketplace/products/Weixin_Image_20240621201440.jpg	1	59.00	59.00	4	{"尺寸": "L"}
\.


--
-- Data for Name: marketplace_product; Type: TABLE DATA; Schema: public; Owner: -
--

COPY public.marketplace_product (id, name, name_en, slug, description, price, original_price, image, image_2, image_3, stock, sku, brand, condition, weight, is_featured, is_active, sales_count, views_count, created_at, updated_at, category_id, vendor_id) FROM stdin;
9	robe 衣服	Robeee	robe	Lorem ipsum dolor sit amet consectetur adipiscing elit. Quisque faucibus ex sapien vitae pellentesque sem placerat. In id cursus mi pretium tellus duis convallis. Tempus leo eu aenean sed diam urna tempor. Pulvinar vivamus fringilla lacus nec metus bibendum egestas. Iaculis massa nisl malesuada lacinia integer nunc posuere. Ut hendrerit semper vel class aptent taciti sociosqu. Ad litora torquent per conubia nostra inceptos himenaeos.\r\n\r\nLorem ipsum dolor sit amet consectetur adipiscing elit. Quisque faucibus ex sapien vitae pellentesque sem placerat. In id cursus mi pretium tellus duis convallis. Tempus leo eu aenean sed diam urna tempor. Pulvinar vivamus fringilla lacus nec metus bibendum egestas. Iaculis massa nisl malesuada lacinia integer nunc posuere. Ut hendrerit semper vel class aptent taciti sociosqu. Ad litora torquent per conubia nostra inceptos himenaeos.\r\n\r\nLorem ipsum dolor sit amet consectetur adipiscing elit. Quisque faucibus ex sapien vitae pellentesque sem placerat. In id cursus mi pretium tellus duis convallis. Tempus leo eu aenean sed diam urna tempor. Pulvinar vivamus fringilla lacus nec metus bibendum egestas. Iaculis massa nisl malesuada lacinia integer nunc posuere. Ut hendrerit semper vel class aptent taciti sociosqu. Ad litora torquent per conubia nostra inceptos himenaeos.\r\n\r\nLorem ipsum dolor sit amet consectetur adipiscing elit. Quisque faucibus ex sapien vitae pellentesque sem placerat. In id cursus mi pretium tellus duis convallis. Tempus leo eu aenean sed diam urna tempor. Pulvinar vivamus fringilla lacus nec metus bibendum egestas. Iaculis massa nisl malesuada lacinia integer nunc posuere. Ut hendrerit semper vel class aptent taciti sociosqu. Ad litora torquent per conubia nostra inceptos himenaeos.\r\n\r\nLorem ipsum dolor sit amet consectetur adipiscing elit. Quisque faucibus ex sapien vitae pellentesque sem placerat. In id cursus mi pretium tellus duis convallis. Tempus leo eu aenean sed diam urna tempor. Pulvinar vivamus fringilla lacus nec metus bibendum egestas. Iaculis massa nisl malesuada lacinia integer nunc posuere. Ut hendrerit semper vel class aptent taciti sociosqu. Ad litora torquent per conubia nostra inceptos himenaeos.	59.00	99.00	marketplace/products/Weixin_Image_20240621201440.jpg			18	PRD-F59C5E47	tent taciti so	new	2.00	t	t	2	21	2026-03-31 13:51:25.075838+08	2026-03-31 21:09:28.639854+08	2	\N
4	手机壳 - 防摔保护套	Phone Case - Shockproof	phone-case-shockproof	军事级防摔手机壳，TPU+PC双层保护，精准开孔，支持无线充电。多种颜色可选。	39.00	69.00	marketplace/products/phone-case-shockproof_1.jpg	marketplace/products/phone-case-shockproof_2.jpg	marketplace/products/phone-case-shockproof_3.jpg	500	PRD-BF3AD2B9	ArmorCase	new	\N	f	t	890	4524	2026-03-31 01:46:02.630911+08	2026-03-31 12:27:08.669509+08	2	\N
8	笔记本支架	Laptop Stand Adjustable	laptop-stand-adjustable	铝合金笔记本支架，多角度可调，折叠便携，散热设计，兼容各种尺寸笔记本。	89.00	149.00	marketplace/products/laptop-stand-adjustable_1.jpg	marketplace/products/laptop-stand-adjustable_2.jpg	marketplace/products/laptop-stand-adjustable_3.jpg	180	PRD-C77F3545	DeskPro	new	\N	f	t	345	2108	2026-03-31 01:46:02.635247+08	2026-03-31 12:24:57.305252+08	2	\N
6	高级钢笔套装	Premium Fountain Pen Set	premium-fountain-pen-set	精美钢笔礼盒套装，含钢笔、墨水和替换笔尖。适合书法练习和商务签字。	168.00	238.00	marketplace/products/premium-fountain-pen-set_1.jpg	marketplace/products/premium-fountain-pen-set_2.jpg	marketplace/products/premium-fountain-pen-set_3.jpg	45	PRD-A6AABE8E	PenCraft	new	\N	t	t	78	894	2026-03-31 01:46:02.633147+08	2026-03-31 12:26:02.332553+08	3	\N
5	机械键盘	Mechanical Keyboard RGB	mechanical-keyboard-rgb	87键紧凑布局机械键盘，Cherry MX轴体，RGB背光，PBT键帽。适合办公和游戏。	349.00	499.00	marketplace/products/mechanical-keyboard-rgb_1.jpg	marketplace/products/mechanical-keyboard-rgb_2.jpg	marketplace/products/mechanical-keyboard-rgb_3.jpg	60	PRD-C5CAD119	KeyMaster	new	\N	t	t	234	1567	2026-03-31 01:46:02.632014+08	2026-03-31 12:26:36.646439+08	1	\N
3	便携式充电宝	Portable Power Bank 20000mAh	portable-power-bank-20000	20000mAh大容量便携充电宝，支持快充协议，双USB输出端口，轻薄便携设计。	129.00	199.00	marketplace/products/portable-power-bank-20000_1.jpg	marketplace/products/portable-power-bank-20000_2.jpg	marketplace/products/portable-power-bank-20000_3.jpg	200	PRD-AE388E3E	PowerMax	new	\N	f	t	512	3202	2026-03-31 01:46:02.62977+08	2026-03-31 12:27:41.803232+08	1	\N
2	智能手表	Smart Watch Pro	smart-watch-pro	多功能智能手表，支持心率监测、运动追踪、来电提醒。防水防尘，电池续航7天。	599.00	899.00	marketplace/products/smart-watch-pro_1.jpg	marketplace/products/smart-watch-pro_2.jpg	marketplace/products/smart-watch-pro_3.jpg	80	PRD-67D8C046	TechWear	new	\N	t	t	156	1844	2026-03-31 01:46:02.628315+08	2026-03-31 12:28:13.840901+08	1	\N
7	USB-C 扩展坞	USB-C Docking Station	usb-c-docking-station	12合1 USB-C扩展坞，支持4K HDMI、千兆以太网、SD读卡器、多USB端口。	259.00	399.00	marketplace/products/usb-c-docking-station_1.jpg	marketplace/products/usb-c-docking-station_2.jpg	marketplace/products/usb-c-docking-station_3.jpg	118	PRD-F717B8C7	ConnectPro	new	\N	f	t	169	1240	2026-03-31 01:46:02.634273+08	2026-03-31 16:31:41.889969+08	2	\N
1	无线蓝牙耳机	Wireless Bluetooth Earbuds	wireless-bluetooth-earbuds	高品质无线蓝牙耳机，支持降噪功能，续航长达8小时。舒适佩戴设计，适合运动和日常使用。	199.00	299.00	marketplace/products/wireless-bluetooth-earbuds_1.jpg	marketplace/products/wireless-bluetooth-earbuds_2.jpg	marketplace/products/wireless-bluetooth-earbuds_3.jpg	150	PRD-403460E6	SoundPro	new	\N	t	t	328	2156	2026-03-31 01:46:02.624615+08	2026-03-31 12:28:45.724019+08	1	\N
\.


--
-- Data for Name: marketplace_product_attribute; Type: TABLE DATA; Schema: public; Owner: -
--

COPY public.marketplace_product_attribute (id, name, value, product_id) FROM stdin;
14	尺寸	L	9
15	尺寸	M	9
16	尺寸	XL	9
17	颜色	rouge	9
18	颜色	blue	9
\.


--
-- Data for Name: marketplace_supermarket_item; Type: TABLE DATA; Schema: public; Owner: -
--

COPY public.marketplace_supermarket_item (id, name, name_en, slug, description, price, original_price, image, stock, unit, brand, origin, is_organic, is_featured, is_active, sales_count, created_at, updated_at, category_id) FROM stdin;
8	有机苹果	Organic Apples	organic-apples	有机种植红富士苹果，脆甜多汁，无农药残留。产地直发，新鲜到家。	45.00	58.00	marketplace/supermarket/organic-apples.jpg	200	kg	果然好	烟台	t	f	t	760	2026-03-31 01:46:02.656401+08	2026-03-31 12:32:28.410909+08	8
7	希腊酸奶	Greek Yogurt Natural	greek-yogurt-natural	浓稠希腊式酸奶，高蛋白低脂肪。原味无糖，可搭配水果和蜂蜜。	35.00	45.00	marketplace/supermarket/greek-yogurt-natural.jpg	250	box	YogurtPro	上海	f	f	t	890	2026-03-31 01:46:02.655519+08	2026-03-31 12:32:29.774833+08	11
6	冷压果汁套装	Cold Pressed Juice Set	cold-pressed-juice-set	6瓶装冷压果汁，含橙汁、苹果汁、胡萝卜汁等。无添加剂，新鲜制作。	118.00	168.00	marketplace/supermarket/cold-pressed-juice-set.jpg	100	box	鲜果坊	上海	t	f	t	340	2026-03-31 01:46:02.654508+08	2026-03-31 12:32:31.108224+08	9
3	有机纯牛奶	Organic Pure Milk	organic-pure-milk	有机牧场新鲜牛奶，无添加，高钙高蛋白。适合全家饮用。	68.00	88.00	marketplace/supermarket/organic-pure-milk.jpg	400	box	蒙牛	内蒙古	t	t	t	2350	2026-03-31 01:46:02.651383+08	2026-03-31 12:32:35.858457+08	11
2	进口车厘子	Imported Cherries	imported-cherries	智利进口车厘子，JJ级大果，皮薄多汁，口感脆甜。	89.00	129.00	marketplace/supermarket/imported-cherries.jpg	150	kg		智利	f	t	t	680	2026-03-31 01:46:02.650292+08	2026-03-31 12:32:37.589243+08	8
1	新鲜草莓	Fresh Strawberries	fresh-strawberries	当季新鲜草莓，甜度高，果肉饱满。产地直供，品质保证。	29.90	39.90	marketplace/supermarket/fresh-strawberries.jpg	300	box	果鲜生	云南	t	t	t	1200	2026-03-31 01:46:02.647666+08	2026-03-31 12:32:39.341071+08	8
4	精品咖啡豆	Premium Coffee Beans	premium-coffee-beans	阿拉比卡精品咖啡豆，中度烘焙，风味平衡。适合手冲和意式咖啡。	78.00	98.00	marketplace/supermarket/premium-coffee-beans.jpg	200	bag	BeanMaster	哥伦比亚	f	f	t	560	2026-03-31 01:46:02.652468+08	2026-03-31 12:33:41.301425+08	9
5	混合坚果	Mixed Nuts Premium	mixed-nuts-premium	精选6种坚果混合装：核桃、腰果、杏仁、夏威夷果、碧根果、榛子。	49.90	79.90	marketplace/supermarket/mixed-nuts-premium.jpg	350	bag	坚果大王	多国进口	f	t	t	1890	2026-03-31 01:46:02.653447+08	2026-03-31 12:33:41.952769+08	10
\.


--
-- Data for Name: marketplace_supermarket_item_attribute; Type: TABLE DATA; Schema: public; Owner: -
--

COPY public.marketplace_supermarket_item_attribute (id, name, value, item_id) FROM stdin;
\.


--
-- Name: marketplace_cart_item_id_seq; Type: SEQUENCE SET; Schema: public; Owner: -
--

SELECT pg_catalog.setval('public.marketplace_cart_item_id_seq', 16, true);


--
-- Name: marketplace_category_id_seq; Type: SEQUENCE SET; Schema: public; Owner: -
--

SELECT pg_catalog.setval('public.marketplace_category_id_seq', 11, true);


--
-- Name: marketplace_course_id_seq; Type: SEQUENCE SET; Schema: public; Owner: -
--

SELECT pg_catalog.setval('public.marketplace_course_id_seq', 6, true);


--
-- Name: marketplace_course_lesson_id_seq; Type: SEQUENCE SET; Schema: public; Owner: -
--

SELECT pg_catalog.setval('public.marketplace_course_lesson_id_seq', 36, true);


--
-- Name: marketplace_course_progress_id_seq; Type: SEQUENCE SET; Schema: public; Owner: -
--

SELECT pg_catalog.setval('public.marketplace_course_progress_id_seq', 2, true);


--
-- Name: marketplace_course_section_id_seq; Type: SEQUENCE SET; Schema: public; Owner: -
--

SELECT pg_catalog.setval('public.marketplace_course_section_id_seq', 13, true);


--
-- Name: marketplace_order_id_seq; Type: SEQUENCE SET; Schema: public; Owner: -
--

SELECT pg_catalog.setval('public.marketplace_order_id_seq', 4, true);


--
-- Name: marketplace_order_item_id_seq; Type: SEQUENCE SET; Schema: public; Owner: -
--

SELECT pg_catalog.setval('public.marketplace_order_item_id_seq', 4, true);


--
-- Name: marketplace_product_attribute_id_seq; Type: SEQUENCE SET; Schema: public; Owner: -
--

SELECT pg_catalog.setval('public.marketplace_product_attribute_id_seq', 18, true);


--
-- Name: marketplace_product_id_seq; Type: SEQUENCE SET; Schema: public; Owner: -
--

SELECT pg_catalog.setval('public.marketplace_product_id_seq', 9, true);


--
-- Name: marketplace_supermarket_item_attribute_id_seq; Type: SEQUENCE SET; Schema: public; Owner: -
--

SELECT pg_catalog.setval('public.marketplace_supermarket_item_attribute_id_seq', 1, false);


--
-- Name: marketplace_supermarket_item_id_seq; Type: SEQUENCE SET; Schema: public; Owner: -
--

SELECT pg_catalog.setval('public.marketplace_supermarket_item_id_seq', 8, true);


--
-- Name: marketplace_cart_item marketplace_cart_item_pkey; Type: CONSTRAINT; Schema: public; Owner: -
--

ALTER TABLE ONLY public.marketplace_cart_item
    ADD CONSTRAINT marketplace_cart_item_pkey PRIMARY KEY (id);


--
-- Name: marketplace_category marketplace_category_pkey; Type: CONSTRAINT; Schema: public; Owner: -
--

ALTER TABLE ONLY public.marketplace_category
    ADD CONSTRAINT marketplace_category_pkey PRIMARY KEY (id);


--
-- Name: marketplace_category marketplace_category_slug_key; Type: CONSTRAINT; Schema: public; Owner: -
--

ALTER TABLE ONLY public.marketplace_category
    ADD CONSTRAINT marketplace_category_slug_key UNIQUE (slug);


--
-- Name: marketplace_course_lesson marketplace_course_lesson_pkey; Type: CONSTRAINT; Schema: public; Owner: -
--

ALTER TABLE ONLY public.marketplace_course_lesson
    ADD CONSTRAINT marketplace_course_lesson_pkey PRIMARY KEY (id);


--
-- Name: marketplace_course marketplace_course_pkey; Type: CONSTRAINT; Schema: public; Owner: -
--

ALTER TABLE ONLY public.marketplace_course
    ADD CONSTRAINT marketplace_course_pkey PRIMARY KEY (id);


--
-- Name: marketplace_course_progress marketplace_course_progress_pkey; Type: CONSTRAINT; Schema: public; Owner: -
--

ALTER TABLE ONLY public.marketplace_course_progress
    ADD CONSTRAINT marketplace_course_progress_pkey PRIMARY KEY (id);


--
-- Name: marketplace_course_progress marketplace_course_progress_session_key_lesson_id_f357e7d0_uniq; Type: CONSTRAINT; Schema: public; Owner: -
--

ALTER TABLE ONLY public.marketplace_course_progress
    ADD CONSTRAINT marketplace_course_progress_session_key_lesson_id_f357e7d0_uniq UNIQUE (session_key, lesson_id);


--
-- Name: marketplace_course_section marketplace_course_section_pkey; Type: CONSTRAINT; Schema: public; Owner: -
--

ALTER TABLE ONLY public.marketplace_course_section
    ADD CONSTRAINT marketplace_course_section_pkey PRIMARY KEY (id);


--
-- Name: marketplace_course marketplace_course_slug_key; Type: CONSTRAINT; Schema: public; Owner: -
--

ALTER TABLE ONLY public.marketplace_course
    ADD CONSTRAINT marketplace_course_slug_key UNIQUE (slug);


--
-- Name: marketplace_order_item marketplace_order_item_pkey; Type: CONSTRAINT; Schema: public; Owner: -
--

ALTER TABLE ONLY public.marketplace_order_item
    ADD CONSTRAINT marketplace_order_item_pkey PRIMARY KEY (id);


--
-- Name: marketplace_order marketplace_order_order_number_key; Type: CONSTRAINT; Schema: public; Owner: -
--

ALTER TABLE ONLY public.marketplace_order
    ADD CONSTRAINT marketplace_order_order_number_key UNIQUE (order_number);


--
-- Name: marketplace_order marketplace_order_pkey; Type: CONSTRAINT; Schema: public; Owner: -
--

ALTER TABLE ONLY public.marketplace_order
    ADD CONSTRAINT marketplace_order_pkey PRIMARY KEY (id);


--
-- Name: marketplace_product_attribute marketplace_product_attribute_pkey; Type: CONSTRAINT; Schema: public; Owner: -
--

ALTER TABLE ONLY public.marketplace_product_attribute
    ADD CONSTRAINT marketplace_product_attribute_pkey PRIMARY KEY (id);


--
-- Name: marketplace_product marketplace_product_pkey; Type: CONSTRAINT; Schema: public; Owner: -
--

ALTER TABLE ONLY public.marketplace_product
    ADD CONSTRAINT marketplace_product_pkey PRIMARY KEY (id);


--
-- Name: marketplace_product marketplace_product_sku_key; Type: CONSTRAINT; Schema: public; Owner: -
--

ALTER TABLE ONLY public.marketplace_product
    ADD CONSTRAINT marketplace_product_sku_key UNIQUE (sku);


--
-- Name: marketplace_product marketplace_product_slug_key; Type: CONSTRAINT; Schema: public; Owner: -
--

ALTER TABLE ONLY public.marketplace_product
    ADD CONSTRAINT marketplace_product_slug_key UNIQUE (slug);


--
-- Name: marketplace_supermarket_item_attribute marketplace_supermarket_item_attribute_pkey; Type: CONSTRAINT; Schema: public; Owner: -
--

ALTER TABLE ONLY public.marketplace_supermarket_item_attribute
    ADD CONSTRAINT marketplace_supermarket_item_attribute_pkey PRIMARY KEY (id);


--
-- Name: marketplace_supermarket_item marketplace_supermarket_item_pkey; Type: CONSTRAINT; Schema: public; Owner: -
--

ALTER TABLE ONLY public.marketplace_supermarket_item
    ADD CONSTRAINT marketplace_supermarket_item_pkey PRIMARY KEY (id);


--
-- Name: marketplace_supermarket_item marketplace_supermarket_item_slug_key; Type: CONSTRAINT; Schema: public; Owner: -
--

ALTER TABLE ONLY public.marketplace_supermarket_item
    ADD CONSTRAINT marketplace_supermarket_item_slug_key UNIQUE (slug);


--
-- Name: marketplace_category_parent_id_d956816a; Type: INDEX; Schema: public; Owner: -
--

CREATE INDEX marketplace_category_parent_id_d956816a ON public.marketplace_category USING btree (parent_id);


--
-- Name: marketplace_category_slug_3863d378_like; Type: INDEX; Schema: public; Owner: -
--

CREATE INDEX marketplace_category_slug_3863d378_like ON public.marketplace_category USING btree (slug varchar_pattern_ops);


--
-- Name: marketplace_course_category_id_6df67d5c; Type: INDEX; Schema: public; Owner: -
--

CREATE INDEX marketplace_course_category_id_6df67d5c ON public.marketplace_course USING btree (category_id);


--
-- Name: marketplace_course_lesson_section_id_bb43f200; Type: INDEX; Schema: public; Owner: -
--

CREATE INDEX marketplace_course_lesson_section_id_bb43f200 ON public.marketplace_course_lesson USING btree (section_id);


--
-- Name: marketplace_course_progress_course_id_d70e3a37; Type: INDEX; Schema: public; Owner: -
--

CREATE INDEX marketplace_course_progress_course_id_d70e3a37 ON public.marketplace_course_progress USING btree (course_id);


--
-- Name: marketplace_course_progress_lesson_id_7296c8c9; Type: INDEX; Schema: public; Owner: -
--

CREATE INDEX marketplace_course_progress_lesson_id_7296c8c9 ON public.marketplace_course_progress USING btree (lesson_id);


--
-- Name: marketplace_course_section_course_id_02a3ce78; Type: INDEX; Schema: public; Owner: -
--

CREATE INDEX marketplace_course_section_course_id_02a3ce78 ON public.marketplace_course_section USING btree (course_id);


--
-- Name: marketplace_course_slug_945aefb4_like; Type: INDEX; Schema: public; Owner: -
--

CREATE INDEX marketplace_course_slug_945aefb4_like ON public.marketplace_course USING btree (slug varchar_pattern_ops);


--
-- Name: marketplace_course_vendor_id_ff6bbf45; Type: INDEX; Schema: public; Owner: -
--

CREATE INDEX marketplace_course_vendor_id_ff6bbf45 ON public.marketplace_course USING btree (vendor_id);


--
-- Name: marketplace_order_item_order_id_41810900; Type: INDEX; Schema: public; Owner: -
--

CREATE INDEX marketplace_order_item_order_id_41810900 ON public.marketplace_order_item USING btree (order_id);


--
-- Name: marketplace_order_order_number_e931ef62_like; Type: INDEX; Schema: public; Owner: -
--

CREATE INDEX marketplace_order_order_number_e931ef62_like ON public.marketplace_order USING btree (order_number varchar_pattern_ops);


--
-- Name: marketplace_product_attribute_product_id_0d711a19; Type: INDEX; Schema: public; Owner: -
--

CREATE INDEX marketplace_product_attribute_product_id_0d711a19 ON public.marketplace_product_attribute USING btree (product_id);


--
-- Name: marketplace_product_category_id_2f8b8b50; Type: INDEX; Schema: public; Owner: -
--

CREATE INDEX marketplace_product_category_id_2f8b8b50 ON public.marketplace_product USING btree (category_id);


--
-- Name: marketplace_product_sku_8f5dea24_like; Type: INDEX; Schema: public; Owner: -
--

CREATE INDEX marketplace_product_sku_8f5dea24_like ON public.marketplace_product USING btree (sku varchar_pattern_ops);


--
-- Name: marketplace_product_slug_af658af5_like; Type: INDEX; Schema: public; Owner: -
--

CREATE INDEX marketplace_product_slug_af658af5_like ON public.marketplace_product USING btree (slug varchar_pattern_ops);


--
-- Name: marketplace_product_vendor_id_7c26e6d7; Type: INDEX; Schema: public; Owner: -
--

CREATE INDEX marketplace_product_vendor_id_7c26e6d7 ON public.marketplace_product USING btree (vendor_id);


--
-- Name: marketplace_supermarket_item_attribute_item_id_5e9f5627; Type: INDEX; Schema: public; Owner: -
--

CREATE INDEX marketplace_supermarket_item_attribute_item_id_5e9f5627 ON public.marketplace_supermarket_item_attribute USING btree (item_id);


--
-- Name: marketplace_supermarket_item_category_id_a51adca7; Type: INDEX; Schema: public; Owner: -
--

CREATE INDEX marketplace_supermarket_item_category_id_a51adca7 ON public.marketplace_supermarket_item USING btree (category_id);


--
-- Name: marketplace_supermarket_item_slug_df7f6950_like; Type: INDEX; Schema: public; Owner: -
--

CREATE INDEX marketplace_supermarket_item_slug_df7f6950_like ON public.marketplace_supermarket_item USING btree (slug varchar_pattern_ops);


--
-- Name: marketplace_category marketplace_category_parent_id_d956816a_fk_marketpla; Type: FK CONSTRAINT; Schema: public; Owner: -
--

ALTER TABLE ONLY public.marketplace_category
    ADD CONSTRAINT marketplace_category_parent_id_d956816a_fk_marketpla FOREIGN KEY (parent_id) REFERENCES public.marketplace_category(id) DEFERRABLE INITIALLY DEFERRED;


--
-- Name: marketplace_course marketplace_course_category_id_6df67d5c_fk_marketpla; Type: FK CONSTRAINT; Schema: public; Owner: -
--

ALTER TABLE ONLY public.marketplace_course
    ADD CONSTRAINT marketplace_course_category_id_6df67d5c_fk_marketpla FOREIGN KEY (category_id) REFERENCES public.marketplace_category(id) DEFERRABLE INITIALLY DEFERRED;


--
-- Name: marketplace_course_lesson marketplace_course_l_section_id_bb43f200_fk_marketpla; Type: FK CONSTRAINT; Schema: public; Owner: -
--

ALTER TABLE ONLY public.marketplace_course_lesson
    ADD CONSTRAINT marketplace_course_l_section_id_bb43f200_fk_marketpla FOREIGN KEY (section_id) REFERENCES public.marketplace_course_section(id) DEFERRABLE INITIALLY DEFERRED;


--
-- Name: marketplace_course_progress marketplace_course_p_course_id_d70e3a37_fk_marketpla; Type: FK CONSTRAINT; Schema: public; Owner: -
--

ALTER TABLE ONLY public.marketplace_course_progress
    ADD CONSTRAINT marketplace_course_p_course_id_d70e3a37_fk_marketpla FOREIGN KEY (course_id) REFERENCES public.marketplace_course(id) DEFERRABLE INITIALLY DEFERRED;


--
-- Name: marketplace_course_progress marketplace_course_p_lesson_id_7296c8c9_fk_marketpla; Type: FK CONSTRAINT; Schema: public; Owner: -
--

ALTER TABLE ONLY public.marketplace_course_progress
    ADD CONSTRAINT marketplace_course_p_lesson_id_7296c8c9_fk_marketpla FOREIGN KEY (lesson_id) REFERENCES public.marketplace_course_lesson(id) DEFERRABLE INITIALLY DEFERRED;


--
-- Name: marketplace_course_section marketplace_course_s_course_id_02a3ce78_fk_marketpla; Type: FK CONSTRAINT; Schema: public; Owner: -
--

ALTER TABLE ONLY public.marketplace_course_section
    ADD CONSTRAINT marketplace_course_s_course_id_02a3ce78_fk_marketpla FOREIGN KEY (course_id) REFERENCES public.marketplace_course(id) DEFERRABLE INITIALLY DEFERRED;


--
-- Name: marketplace_order_item marketplace_order_it_order_id_41810900_fk_marketpla; Type: FK CONSTRAINT; Schema: public; Owner: -
--

ALTER TABLE ONLY public.marketplace_order_item
    ADD CONSTRAINT marketplace_order_it_order_id_41810900_fk_marketpla FOREIGN KEY (order_id) REFERENCES public.marketplace_order(id) DEFERRABLE INITIALLY DEFERRED;


--
-- Name: marketplace_product_attribute marketplace_product__product_id_0d711a19_fk_marketpla; Type: FK CONSTRAINT; Schema: public; Owner: -
--

ALTER TABLE ONLY public.marketplace_product_attribute
    ADD CONSTRAINT marketplace_product__product_id_0d711a19_fk_marketpla FOREIGN KEY (product_id) REFERENCES public.marketplace_product(id) DEFERRABLE INITIALLY DEFERRED;


--
-- Name: marketplace_product marketplace_product_category_id_2f8b8b50_fk_marketpla; Type: FK CONSTRAINT; Schema: public; Owner: -
--

ALTER TABLE ONLY public.marketplace_product
    ADD CONSTRAINT marketplace_product_category_id_2f8b8b50_fk_marketpla FOREIGN KEY (category_id) REFERENCES public.marketplace_category(id) DEFERRABLE INITIALLY DEFERRED;


--
-- Name: marketplace_supermarket_item marketplace_supermar_category_id_a51adca7_fk_marketpla; Type: FK CONSTRAINT; Schema: public; Owner: -
--

ALTER TABLE ONLY public.marketplace_supermarket_item
    ADD CONSTRAINT marketplace_supermar_category_id_a51adca7_fk_marketpla FOREIGN KEY (category_id) REFERENCES public.marketplace_category(id) DEFERRABLE INITIALLY DEFERRED;


--
-- Name: marketplace_supermarket_item_attribute marketplace_supermar_item_id_5e9f5627_fk_marketpla; Type: FK CONSTRAINT; Schema: public; Owner: -
--

ALTER TABLE ONLY public.marketplace_supermarket_item_attribute
    ADD CONSTRAINT marketplace_supermar_item_id_5e9f5627_fk_marketpla FOREIGN KEY (item_id) REFERENCES public.marketplace_supermarket_item(id) DEFERRABLE INITIALLY DEFERRED;


--
-- PostgreSQL database dump complete
--

